[{"model": "admin.logentry", "pk": 1, "fields": {"action_time": "2024-11-09T13:22:11.847Z", "user": 1, "content_type": 6, "object_id": "1", "object_repr": "Address object (1)", "action_flag": 1, "change_message": "[{\"added\": {}}]"}}, {"model": "admin.logentry", "pk": 2, "fields": {"action_time": "2024-11-09T13:22:24.870Z", "user": 1, "content_type": 6, "object_id": "2", "object_repr": "Address object (2)", "action_flag": 1, "change_message": "[{\"added\": {}}]"}}, {"model": "admin.logentry", "pk": 3, "fields": {"action_time": "2024-11-09T13:22:38.016Z", "user": 1, "content_type": 6, "object_id": "3", "object_repr": "Address object (3)", "action_flag": 1, "change_message": "[{\"added\": {}}]"}}, {"model": "admin.logentry", "pk": 4, "fields": {"action_time": "2024-11-09T13:23:05.847Z", "user": 1, "content_type": 7, "object_id": "1", "object_repr": "CartOrder object (1)", "action_flag": 1, "change_message": "[{\"added\": {}}]"}}, {"model": "admin.logentry", "pk": 5, "fields": {"action_time": "2024-11-09T13:23:17.875Z", "user": 1, "content_type": 7, "object_id": "2", "object_repr": "CartOrder object (2)", "action_flag": 1, "change_message": "[{\"added\": {}}]"}}, {"model": "admin.logentry", "pk": 6, "fields": {"action_time": "2024-11-09T13:23:28.856Z", "user": 1, "content_type": 7, "object_id": "3", "object_repr": "CartOrder object (3)", "action_flag": 1, "change_message": "[{\"added\": {}}]"}}, {"model": "admin.logentry", "pk": 7, "fields": {"action_time": "2024-11-09T13:23:52.989Z", "user": 1, "content_type": 8, "object_id": "1", "object_repr": "CartOrderItems object (1)", "action_flag": 1, "change_message": "[{\"added\": {}}]"}}, {"model": "admin.logentry", "pk": 8, "fields": {"action_time": "2024-11-09T13:24:21.280Z", "user": 1, "content_type": 8, "object_id": "2", "object_repr": "CartOrderItems object (2)", "action_flag": 1, "change_message": "[{\"added\": {}}]"}}, {"model": "admin.logentry", "pk": 9, "fields": {"action_time": "2024-11-09T13:24:43.710Z", "user": 1, "content_type": 8, "object_id": "3", "object_repr": "CartOrderItems object (3)", "action_flag": 1, "change_message": "[{\"added\": {}}]"}}, {"model": "admin.logentry", "pk": 10, "fields": {"action_time": "2024-11-09T13:25:06.717Z", "user": 1, "content_type": 9, "object_id": "1", "object_repr": "Food", "action_flag": 1, "change_message": "[{\"added\": {}}]"}}, {"model": "admin.logentry", "pk": 11, "fields": {"action_time": "2024-11-09T13:25:25.047Z", "user": 1, "content_type": 9, "object_id": "2", "object_repr": "vegetables", "action_flag": 1, "change_message": "[{\"added\": {}}]"}}, {"model": "admin.logentry", "pk": 12, "fields": {"action_time": "2024-11-09T13:25:41.625Z", "user": 1, "content_type": 9, "object_id": "3", "object_repr": "fruits", "action_flag": 1, "change_message": "[{\"added\": {}}]"}}, {"model": "admin.logentry", "pk": 13, "fields": {"action_time": "2024-11-09T13:26:47.366Z", "user": 1, "content_type": 10, "object_id": "1", "object_repr": "Product object (1)", "action_flag": 1, "change_message": "[{\"added\": {}}]"}}, {"model": "admin.logentry", "pk": 14, "fields": {"action_time": "2024-11-09T13:28:45.887Z", "user": 1, "content_type": 10, "object_id": "2", "object_repr": "Product object (2)", "action_flag": 1, "change_message": "[{\"added\": {}}]"}}, {"model": "admin.logentry", "pk": 15, "fields": {"action_time": "2024-11-09T13:29:15.431Z", "user": 1, "content_type": 10, "object_id": "1", "object_repr": "Product object (1)", "action_flag": 2, "change_message": "[{\"changed\": {\"fields\": [\"Category\"]}}]"}}, {"model": "admin.logentry", "pk": 16, "fields": {"action_time": "2024-11-09T13:29:36.908Z", "user": 1, "content_type": 10, "object_id": "2", "object_repr": "Product object (2)", "action_flag": 2, "change_message": "[{\"changed\": {\"fields\": [\"Category\"]}}]"}}, {"model": "admin.logentry", "pk": 17, "fields": {"action_time": "2024-11-09T13:30:13.822Z", "user": 1, "content_type": 12, "object_id": "1", "object_repr": "bannanas", "action_flag": 1, "change_message": "[{\"added\": {}}]"}}, {"model": "admin.logentry", "pk": 18, "fields": {"action_time": "2024-11-09T13:30:31.228Z", "user": 1, "content_type": 12, "object_id": "2", "object_repr": "Fresh Pear", "action_flag": 1, "change_message": "[{\"added\": {}}]"}}, {"model": "admin.logentry", "pk": 19, "fields": {"action_time": "2024-11-09T13:30:56.666Z", "user": 1, "content_type": 12, "object_id": "3", "object_repr": "bannanas", "action_flag": 1, "change_message": "[{\"added\": {}}]"}}, {"model": "admin.logentry", "pk": 20, "fields": {"action_time": "2024-11-09T13:31:50.433Z", "user": 1, "content_type": 14, "object_id": "1", "object_repr": "emmanuel", "action_flag": 1, "change_message": "[{\"added\": {}}]"}}, {"model": "admin.logentry", "pk": 21, "fields": {"action_time": "2024-11-09T13:32:01.521Z", "user": 1, "content_type": 14, "object_id": "1", "object_repr": "emmanuel", "action_flag": 2, "change_message": "[{\"changed\": {\"fields\": [\"Image\"]}}]"}}, {"model": "admin.logentry", "pk": 22, "fields": {"action_time": "2024-11-09T13:32:14.959Z", "user": 1, "content_type": 15, "object_id": "1", "object_repr": "bannanas", "action_flag": 1, "change_message": "[{\"added\": {}}]"}}, {"model": "admin.logentry", "pk": 23, "fields": {"action_time": "2024-11-09T13:32:24.836Z", "user": 1, "content_type": 15, "object_id": "2", "object_repr": "Fresh Pear", "action_flag": 1, "change_message": "[{\"added\": {}}]"}}, {"model": "admin.logentry", "pk": 24, "fields": {"action_time": "2024-11-09T13:32:38.094Z", "user": 1, "content_type": 15, "object_id": "3", "object_repr": "Fresh Pear", "action_flag": 1, "change_message": "[{\"added\": {}}]"}}, {"model": "admin.logentry", "pk": 25, "fields": {"action_time": "2024-11-09T13:44:31.124Z", "user": 1, "content_type": 10, "object_id": "3", "object_repr": "Product object (3)", "action_flag": 1, "change_message": "[{\"added\": {}}]"}}, {"model": "admin.logentry", "pk": 26, "fields": {"action_time": "2024-11-09T13:56:20.220Z", "user": 1, "content_type": 10, "object_id": "4", "object_repr": "Product object (4)", "action_flag": 1, "change_message": "[{\"added\": {}}]"}}, {"model": "admin.logentry", "pk": 27, "fields": {"action_time": "2024-11-09T14:02:10.276Z", "user": 1, "content_type": 14, "object_id": "2", "object_repr": "talene", "action_flag": 1, "change_message": "[{\"added\": {}}]"}}, {"model": "admin.logentry", "pk": 28, "fields": {"action_time": "2024-11-09T14:02:29.410Z", "user": 1, "content_type": 14, "object_id": "3", "object_repr": "dhillon", "action_flag": 1, "change_message": "[{\"added\": {}}]"}}, {"model": "admin.logentry", "pk": 29, "fields": {"action_time": "2024-11-09T14:02:53.482Z", "user": 1, "content_type": 10, "object_id": "1", "object_repr": "Product object (1)", "action_flag": 2, "change_message": "[{\"changed\": {\"fields\": [\"Vendor\"]}}]"}}, {"model": "admin.logentry", "pk": 30, "fields": {"action_time": "2024-11-09T14:03:03.207Z", "user": 1, "content_type": 10, "object_id": "2", "object_repr": "Product object (2)", "action_flag": 2, "change_message": "[{\"changed\": {\"fields\": [\"Vendor\"]}}]"}}, {"model": "admin.logentry", "pk": 31, "fields": {"action_time": "2024-11-09T14:03:10.010Z", "user": 1, "content_type": 10, "object_id": "3", "object_repr": "Product object (3)", "action_flag": 2, "change_message": "[{\"changed\": {\"fields\": [\"Vendor\"]}}]"}}, {"model": "admin.logentry", "pk": 32, "fields": {"action_time": "2024-11-09T14:03:16.688Z", "user": 1, "content_type": 10, "object_id": "4", "object_repr": "Product object (4)", "action_flag": 2, "change_message": "[{\"changed\": {\"fields\": [\"Vendor\"]}}]"}}, {"model": "admin.logentry", "pk": 33, "fields": {"action_time": "2024-11-09T14:08:41.333Z", "user": 1, "content_type": 10, "object_id": "4", "object_repr": "Product object (4)", "action_flag": 2, "change_message": "[{\"changed\": {\"fields\": [\"Price\", \"Old price\"]}}]"}}, {"model": "admin.logentry", "pk": 34, "fields": {"action_time": "2024-11-09T14:35:18.301Z", "user": 1, "content_type": 10, "object_id": "5", "object_repr": "Product object (5)", "action_flag": 1, "change_message": "[{\"added\": {}}]"}}, {"model": "admin.logentry", "pk": 35, "fields": {"action_time": "2024-11-09T14:43:31.441Z", "user": 1, "content_type": 10, "object_id": "5", "object_repr": "Product object (5)", "action_flag": 2, "change_message": "[{\"changed\": {\"fields\": [\"Product status\", \"Featured\"]}}]"}}, {"model": "admin.logentry", "pk": 36, "fields": {"action_time": "2024-11-09T14:43:46.086Z", "user": 1, "content_type": 10, "object_id": "4", "object_repr": "Product object (4)", "action_flag": 2, "change_message": "[{\"changed\": {\"fields\": [\"Product status\", \"Featured\"]}}]"}}, {"model": "admin.logentry", "pk": 37, "fields": {"action_time": "2024-11-09T14:43:58.963Z", "user": 1, "content_type": 10, "object_id": "3", "object_repr": "Product object (3)", "action_flag": 2, "change_message": "[{\"changed\": {\"fields\": [\"Featured\"]}}]"}}, {"model": "admin.logentry", "pk": 38, "fields": {"action_time": "2024-11-09T14:44:10.852Z", "user": 1, "content_type": 10, "object_id": "2", "object_repr": "Product object (2)", "action_flag": 2, "change_message": "[{\"changed\": {\"fields\": [\"Featured\"]}}]"}}, {"model": "admin.logentry", "pk": 39, "fields": {"action_time": "2024-11-09T14:44:25.018Z", "user": 1, "content_type": 10, "object_id": "1", "object_repr": "Product object (1)", "action_flag": 2, "change_message": "[{\"changed\": {\"fields\": [\"Product status\", \"Featured\"]}}]"}}, {"model": "admin.logentry", "pk": 40, "fields": {"action_time": "2024-11-09T14:45:01.044Z", "user": 1, "content_type": 10, "object_id": "4", "object_repr": "Product object (4)", "action_flag": 2, "change_message": "[{\"changed\": {\"fields\": [\"Price\", \"Old price\"]}}]"}}, {"model": "admin.logentry", "pk": 41, "fields": {"action_time": "2024-11-09T14:45:37.092Z", "user": 1, "content_type": 10, "object_id": "3", "object_repr": "Product object (3)", "action_flag": 2, "change_message": "[{\"changed\": {\"fields\": [\"Price\"]}}]"}}, {"model": "admin.logentry", "pk": 42, "fields": {"action_time": "2024-11-09T14:45:56.519Z", "user": 1, "content_type": 10, "object_id": "4", "object_repr": "Product object (4)", "action_flag": 2, "change_message": "[]"}}, {"model": "admin.logentry", "pk": 43, "fields": {"action_time": "2024-11-09T14:46:06.650Z", "user": 1, "content_type": 10, "object_id": "4", "object_repr": "Product object (4)", "action_flag": 2, "change_message": "[{\"changed\": {\"fields\": [\"Price\"]}}]"}}, {"model": "admin.logentry", "pk": 44, "fields": {"action_time": "2024-11-09T16:14:28.079Z", "user": 1, "content_type": 9, "object_id": "2", "object_repr": "vegetables", "action_flag": 3, "change_message": ""}}, {"model": "admin.logentry", "pk": 45, "fields": {"action_time": "2024-11-09T16:15:05.439Z", "user": 1, "content_type": 9, "object_id": "1", "object_repr": "Food", "action_flag": 3, "change_message": ""}}, {"model": "admin.logentry", "pk": 46, "fields": {"action_time": "2024-11-09T16:15:47.576Z", "user": 1, "content_type": 9, "object_id": "4", "object_repr": "Vegetables", "action_flag": 1, "change_message": "[{\"added\": {}}]"}}, {"model": "admin.logentry", "pk": 47, "fields": {"action_time": "2024-11-09T16:15:59.543Z", "user": 1, "content_type": 9, "object_id": "5", "object_repr": "Food", "action_flag": 1, "change_message": "[{\"added\": {}}]"}}, {"model": "admin.logentry", "pk": 48, "fields": {"action_time": "2024-11-09T16:16:12.759Z", "user": 1, "content_type": 9, "object_id": "3", "object_repr": "fruits", "action_flag": 3, "change_message": ""}}, {"model": "admin.logentry", "pk": 49, "fields": {"action_time": "2024-11-09T16:28:28.854Z", "user": 1, "content_type": 9, "object_id": "6", "object_repr": "Fruits", "action_flag": 1, "change_message": "[{\"added\": {}}]"}}, {"model": "admin.logentry", "pk": 50, "fields": {"action_time": "2024-11-09T16:30:14.619Z", "user": 1, "content_type": 9, "object_id": "7", "object_repr": "Milk & Drinks", "action_flag": 1, "change_message": "[{\"added\": {}}]"}}, {"model": "admin.logentry", "pk": 51, "fields": {"action_time": "2024-11-09T16:30:42.466Z", "user": 1, "content_type": 9, "object_id": "8", "object_repr": "Food", "action_flag": 1, "change_message": "[{\"added\": {}}]"}}, {"model": "admin.logentry", "pk": 52, "fields": {"action_time": "2024-11-09T16:31:04.022Z", "user": 1, "content_type": 9, "object_id": "9", "object_repr": "Vegetables", "action_flag": 1, "change_message": "[{\"added\": {}}]"}}, {"model": "admin.logentry", "pk": 53, "fields": {"action_time": "2024-11-09T16:31:16.060Z", "user": 1, "content_type": 9, "object_id": "10", "object_repr": "Food", "action_flag": 1, "change_message": "[{\"added\": {}}]"}}, {"model": "admin.logentry", "pk": 54, "fields": {"action_time": "2024-11-09T16:31:58.708Z", "user": 1, "content_type": 9, "object_id": "7", "object_repr": "Milk & Dairies", "action_flag": 2, "change_message": "[{\"changed\": {\"fields\": [\"Title\"]}}]"}}, {"model": "admin.logentry", "pk": 55, "fields": {"action_time": "2024-11-09T16:32:54.734Z", "user": 1, "content_type": 9, "object_id": "11", "object_repr": "Food", "action_flag": 1, "change_message": "[{\"added\": {}}]"}}, {"model": "admin.logentry", "pk": 56, "fields": {"action_time": "2024-11-09T16:33:23.649Z", "user": 1, "content_type": 9, "object_id": "12", "object_repr": "Clothing & Beauty", "action_flag": 1, "change_message": "[{\"added\": {}}]"}}, {"model": "admin.logentry", "pk": 57, "fields": {"action_time": "2024-11-09T16:34:15.024Z", "user": 1, "content_type": 9, "object_id": "13", "object_repr": "Bread & Juice", "action_flag": 1, "change_message": "[{\"added\": {}}]"}}, {"model": "admin.logentry", "pk": 58, "fields": {"action_time": "2024-11-09T16:34:54.109Z", "user": 1, "content_type": 9, "object_id": "14", "object_repr": "Pet Food & Toys", "action_flag": 1, "change_message": "[{\"added\": {}}]"}}, {"model": "admin.logentry", "pk": 59, "fields": {"action_time": "2024-11-09T16:35:45.833Z", "user": 1, "content_type": 9, "object_id": "15", "object_repr": "Fast Food", "action_flag": 1, "change_message": "[{\"added\": {}}]"}}, {"model": "admin.logentry", "pk": 60, "fields": {"action_time": "2024-11-09T16:36:34.943Z", "user": 1, "content_type": 9, "object_id": "11", "object_repr": "Food", "action_flag": 2, "change_message": "[{\"changed\": {\"fields\": [\"Image\"]}}]"}}, {"model": "admin.logentry", "pk": 61, "fields": {"action_time": "2024-11-09T16:36:58.446Z", "user": 1, "content_type": 9, "object_id": "13", "object_repr": "Bread & Juice", "action_flag": 2, "change_message": "[{\"changed\": {\"fields\": [\"Image\"]}}]"}}, {"model": "admin.logentry", "pk": 62, "fields": {"action_time": "2024-11-09T17:12:34.562Z", "user": 1, "content_type": 10, "object_id": "5", "object_repr": "Product object (5)", "action_flag": 2, "change_message": "[{\"changed\": {\"fields\": [\"Category\", \"Featured\"]}}]"}}, {"model": "admin.logentry", "pk": 63, "fields": {"action_time": "2024-11-09T17:14:43.725Z", "user": 1, "content_type": 10, "object_id": "5", "object_repr": "Product object (5)", "action_flag": 2, "change_message": "[{\"changed\": {\"fields\": [\"Product status\"]}}]"}}, {"model": "admin.logentry", "pk": 64, "fields": {"action_time": "2024-11-09T17:55:57.415Z", "user": 1, "content_type": 14, "object_id": "4", "object_repr": "sheila", "action_flag": 1, "change_message": "[{\"added\": {}}]"}}, {"model": "admin.logentry", "pk": 65, "fields": {"action_time": "2024-11-09T17:57:20.895Z", "user": 1, "content_type": 10, "object_id": "6", "object_repr": "Product object (6)", "action_flag": 1, "change_message": "[{\"added\": {}}]"}}, {"model": "admin.logentry", "pk": 66, "fields": {"action_time": "2024-11-09T18:49:40.460Z", "user": 1, "content_type": 10, "object_id": "6", "object_repr": "Product object (6)", "action_flag": 2, "change_message": "[{\"changed\": {\"fields\": [\"Price\"]}}]"}}, {"model": "admin.logentry", "pk": 67, "fields": {"action_time": "2024-11-09T18:50:19.615Z", "user": 1, "content_type": 10, "object_id": "6", "object_repr": "Product object (6)", "action_flag": 2, "change_message": "[{\"changed\": {\"fields\": [\"Old price\"]}}]"}}, {"model": "admin.logentry", "pk": 68, "fields": {"action_time": "2024-11-09T18:51:25.232Z", "user": 1, "content_type": 10, "object_id": "4", "object_repr": "Product object (4)", "action_flag": 2, "change_message": "[{\"changed\": {\"fields\": [\"Category\"]}}]"}}, {"model": "admin.logentry", "pk": 69, "fields": {"action_time": "2024-11-09T18:51:39.811Z", "user": 1, "content_type": 10, "object_id": "3", "object_repr": "Product object (3)", "action_flag": 2, "change_message": "[{\"changed\": {\"fields\": [\"Category\"]}}]"}}, {"model": "admin.logentry", "pk": 70, "fields": {"action_time": "2024-11-09T18:51:49.204Z", "user": 1, "content_type": 10, "object_id": "2", "object_repr": "Product object (2)", "action_flag": 2, "change_message": "[{\"changed\": {\"fields\": [\"Category\"]}}]"}}, {"model": "admin.logentry", "pk": 71, "fields": {"action_time": "2024-11-09T18:51:59.645Z", "user": 1, "content_type": 10, "object_id": "1", "object_repr": "Product object (1)", "action_flag": 2, "change_message": "[{\"changed\": {\"fields\": [\"Category\"]}}]"}}, {"model": "admin.logentry", "pk": 72, "fields": {"action_time": "2024-11-09T17:51:44.221Z", "user": 1, "content_type": 9, "object_id": "11", "object_repr": "Food", "action_flag": 3, "change_message": ""}}, {"model": "admin.logentry", "pk": 73, "fields": {"action_time": "2024-11-09T17:51:54.605Z", "user": 1, "content_type": 9, "object_id": "8", "object_repr": "Food", "action_flag": 3, "change_message": ""}}, {"model": "admin.logentry", "pk": 74, "fields": {"action_time": "2024-11-09T17:52:08.470Z", "user": 1, "content_type": 9, "object_id": "5", "object_repr": "Food", "action_flag": 3, "change_message": ""}}, {"model": "admin.logentry", "pk": 75, "fields": {"action_time": "2024-11-09T17:52:19.501Z", "user": 1, "content_type": 9, "object_id": "4", "object_repr": "Vegetables", "action_flag": 3, "change_message": ""}}, {"model": "admin.logentry", "pk": 76, "fields": {"action_time": "2024-11-09T17:27:47.591Z", "user": 1, "content_type": 14, "object_id": "4", "object_repr": "sheila", "action_flag": 2, "change_message": "[{\"changed\": {\"fields\": [\"Cover image\"]}}]"}}, {"model": "admin.logentry", "pk": 77, "fields": {"action_time": "2024-11-09T17:28:01.191Z", "user": 1, "content_type": 14, "object_id": "3", "object_repr": "dhillon", "action_flag": 2, "change_message": "[{\"changed\": {\"fields\": [\"Cover image\"]}}]"}}, {"model": "admin.logentry", "pk": 78, "fields": {"action_time": "2024-11-09T17:28:18.095Z", "user": 1, "content_type": 14, "object_id": "2", "object_repr": "talene", "action_flag": 2, "change_message": "[{\"changed\": {\"fields\": [\"Cover image\"]}}]"}}, {"model": "admin.logentry", "pk": 79, "fields": {"action_time": "2024-11-09T17:28:45.357Z", "user": 1, "content_type": 14, "object_id": "1", "object_repr": "emmanuel", "action_flag": 2, "change_message": "[{\"changed\": {\"fields\": [\"Cover image\"]}}]"}}, {"model": "admin.logentry", "pk": 80, "fields": {"action_time": "2024-11-09T17:29:39.581Z", "user": 1, "content_type": 14, "object_id": "1", "object_repr": "emmanuel", "action_flag": 2, "change_message": "[{\"changed\": {\"fields\": [\"Cover image\"]}}]"}}, {"model": "admin.logentry", "pk": 81, "fields": {"action_time": "2024-11-09T17:30:17.526Z", "user": 1, "content_type": 14, "object_id": "1", "object_repr": "emmanuel", "action_flag": 2, "change_message": "[{\"changed\": {\"fields\": [\"Cover image\"]}}]"}}, {"model": "admin.logentry", "pk": 82, "fields": {"action_time": "2024-11-09T17:30:36.305Z", "user": 1, "content_type": 14, "object_id": "2", "object_repr": "talene", "action_flag": 2, "change_message": "[{\"changed\": {\"fields\": [\"Cover image\"]}}]"}}, {"model": "admin.logentry", "pk": 83, "fields": {"action_time": "2024-11-09T17:30:43.587Z", "user": 1, "content_type": 14, "object_id": "3", "object_repr": "dhillon", "action_flag": 2, "change_message": "[{\"changed\": {\"fields\": [\"Cover image\"]}}]"}}, {"model": "admin.logentry", "pk": 84, "fields": {"action_time": "2024-11-09T17:30:53.378Z", "user": 1, "content_type": 14, "object_id": "4", "object_repr": "sheila", "action_flag": 2, "change_message": "[{\"changed\": {\"fields\": [\"Cover image\"]}}]"}}, {"model": "admin.logentry", "pk": 85, "fields": {"action_time": "2024-11-09T18:07:53.981Z", "user": 1, "content_type": 10, "object_id": "4", "object_repr": "Product object (4)", "action_flag": 2, "change_message": "[{\"changed\": {\"fields\": [\"Category\"]}}]"}}, {"model": "admin.logentry", "pk": 86, "fields": {"action_time": "2024-11-09T18:08:59.375Z", "user": 1, "content_type": 10, "object_id": "2", "object_repr": "Product object (2)", "action_flag": 2, "change_message": "[{\"added\": {\"name\": \"product images\", \"object\": \"ProductImages object (1)\"}}, {\"added\": {\"name\": \"product images\", \"object\": \"ProductImages object (2)\"}}, {\"added\": {\"name\": \"product images\", \"object\": \"ProductImages object (3)\"}}]"}}, {"model": "admin.logentry", "pk": 87, "fields": {"action_time": "2024-11-09T17:43:58.874Z", "user": 1, "content_type": 10, "object_id": "2", "object_repr": "Product object (2)", "action_flag": 2, "change_message": "[{\"changed\": {\"fields\": [\"Mfd\"]}}]"}}, {"model": "admin.logentry", "pk": 88, "fields": {"action_time": "2024-11-09T17:55:28.741Z", "user": 1, "content_type": 10, "object_id": "2", "object_repr": "Product object (2)", "action_flag": 2, "change_message": "[{\"changed\": {\"fields\": [\"Description\"]}}]"}}, {"model": "admin.logentry", "pk": 89, "fields": {"action_time": "2024-11-09T18:10:04.223Z", "user": 1, "content_type": 10, "object_id": "3", "object_repr": "Product object (3)", "action_flag": 2, "change_message": "[{\"changed\": {\"fields\": [\"Category\"]}}]"}}, {"model": "admin.logentry", "pk": 90, "fields": {"action_time": "2024-11-09T18:10:24.105Z", "user": 1, "content_type": 10, "object_id": "6", "object_repr": "Product object (6)", "action_flag": 2, "change_message": "[{\"changed\": {\"fields\": [\"Category\"]}}]"}}, {"model": "admin.logentry", "pk": 91, "fields": {"action_time": "2024-11-09T18:10:54.781Z", "user": 1, "content_type": 10, "object_id": "5", "object_repr": "Product object (5)", "action_flag": 2, "change_message": "[{\"changed\": {\"fields\": [\"Category\"]}}]"}}, {"model": "admin.logentry", "pk": 92, "fields": {"action_time": "2024-11-09T17:34:19.140Z", "user": 1, "content_type": 10, "object_id": "5", "object_repr": "Product object (5)", "action_flag": 2, "change_message": "[{\"changed\": {\"fields\": [\"Product status\", \"Featured\"]}}]"}}, {"model": "admin.logentry", "pk": 93, "fields": {"action_time": "2024-11-09T17:35:18.090Z", "user": 1, "content_type": 10, "object_id": "6", "object_repr": "Product object (6)", "action_flag": 2, "change_message": "[{\"changed\": {\"fields\": [\"Mfd\", \"Tags\"]}}]"}}, {"model": "admin.logentry", "pk": 94, "fields": {"action_time": "2024-11-09T17:41:52.557Z", "user": 1, "content_type": 17, "object_id": "4", "object_repr": "my name is emmanuel", "action_flag": 1, "change_message": "[{\"added\": {}}]"}}, {"model": "admin.logentry", "pk": 95, "fields": {"action_time": "2024-11-10T18:43:15.336Z", "user": 1, "content_type": 16, "object_id": "6", "object_repr": "nevilla", "action_flag": 3, "change_message": ""}}, {"model": "admin.logentry", "pk": 96, "fields": {"action_time": "2024-11-11T11:12:18.007Z", "user": 1, "content_type": 10, "object_id": "4", "object_repr": "Product object (4)", "action_flag": 2, "change_message": "[{\"changed\": {\"fields\": [\"Product status\"]}}]"}}, {"model": "admin.logentry", "pk": 97, "fields": {"action_time": "2024-11-11T11:16:48.357Z", "user": 1, "content_type": 14, "object_id": "5", "object_repr": "bismarck", "action_flag": 1, "change_message": "[{\"added\": {}}]"}}, {"model": "admin.logentry", "pk": 98, "fields": {"action_time": "2024-11-11T11:18:13.908Z", "user": 1, "content_type": 10, "object_id": "7", "object_repr": "Product object (7)", "action_flag": 1, "change_message": "[{\"added\": {}}]"}}, {"model": "admin.logentry", "pk": 99, "fields": {"action_time": "2024-11-12T06:22:36.737Z", "user": 1, "content_type": 10, "object_id": "5", "object_repr": "Product object (5)", "action_flag": 2, "change_message": "[{\"changed\": {\"fields\": [\"Tags\"]}}]"}}, {"model": "admin.logentry", "pk": 100, "fields": {"action_time": "2024-11-12T06:23:02.686Z", "user": 1, "content_type": 10, "object_id": "3", "object_repr": "Product object (3)", "action_flag": 2, "change_message": "[{\"changed\": {\"fields\": [\"Tags\"]}}]"}}, {"model": "admin.logentry", "pk": 101, "fields": {"action_time": "2024-11-12T06:23:18.104Z", "user": 1, "content_type": 10, "object_id": "4", "object_repr": "Product object (4)", "action_flag": 2, "change_message": "[{\"changed\": {\"fields\": [\"Tags\"]}}]"}}, {"model": "admin.logentry", "pk": 102, "fields": {"action_time": "2024-11-12T06:23:28.871Z", "user": 1, "content_type": 10, "object_id": "2", "object_repr": "Product object (2)", "action_flag": 2, "change_message": "[{\"changed\": {\"fields\": [\"Tags\"]}}]"}}, {"model": "admin.logentry", "pk": 103, "fields": {"action_time": "2024-11-12T06:23:42.577Z", "user": 1, "content_type": 10, "object_id": "1", "object_repr": "Product object (1)", "action_flag": 2, "change_message": "[{\"changed\": {\"fields\": [\"Tags\"]}}]"}}, {"model": "admin.logentry", "pk": 104, "fields": {"action_time": "2024-11-12T06:09:42.653Z", "user": 1, "content_type": 10, "object_id": "8", "object_repr": "Product object (8)", "action_flag": 1, "change_message": "[{\"added\": {}}]"}}, {"model": "admin.logentry", "pk": 105, "fields": {"action_time": "2024-11-12T06:09:50.348Z", "user": 1, "content_type": 12, "object_id": "4", "object_repr": "Fresh Pear", "action_flag": 1, "change_message": "[{\"added\": {}}]"}}, {"model": "admin.logentry", "pk": 106, "fields": {"action_time": "2024-11-12T14:53:47.148Z", "user": 1, "content_type": 12, "object_id": "5", "object_repr": "Fresh Pear", "action_flag": 3, "change_message": ""}}, {"model": "admin.logentry", "pk": 107, "fields": {"action_time": "2024-11-12T15:04:52.644Z", "user": 1, "content_type": 12, "object_id": "7", "object_repr": "Fresh Pear", "action_flag": 3, "change_message": ""}}, {"model": "admin.logentry", "pk": 108, "fields": {"action_time": "2024-11-12T15:04:58.260Z", "user": 1, "content_type": 12, "object_id": "4", "object_repr": "Fresh Pear", "action_flag": 3, "change_message": ""}}, {"model": "admin.logentry", "pk": 109, "fields": {"action_time": "2024-11-13T12:01:27.867Z", "user": 1, "content_type": 10, "object_id": "2", "object_repr": "Product object (2)", "action_flag": 2, "change_message": "[{\"changed\": {\"fields\": [\"Description\"]}}]"}}, {"model": "admin.logentry", "pk": 110, "fields": {"action_time": "2024-11-13T12:01:45.011Z", "user": 1, "content_type": 10, "object_id": "2", "object_repr": "Product object (2)", "action_flag": 2, "change_message": "[{\"changed\": {\"fields\": [\"Description\"]}}]"}}, {"model": "admin.logentry", "pk": 111, "fields": {"action_time": "2024-11-13T12:02:23.414Z", "user": 1, "content_type": 10, "object_id": "2", "object_repr": "Product object (2)", "action_flag": 2, "change_message": "[{\"changed\": {\"fields\": [\"Description\"]}}]"}}, {"model": "admin.logentry", "pk": 112, "fields": {"action_time": "2024-11-13T12:02:56.296Z", "user": 1, "content_type": 10, "object_id": "2", "object_repr": "Product object (2)", "action_flag": 2, "change_message": "[{\"changed\": {\"fields\": [\"Description\"]}}]"}}, {"model": "admin.logentry", "pk": 113, "fields": {"action_time": "2024-11-13T12:03:12.869Z", "user": 1, "content_type": 10, "object_id": "2", "object_repr": "Product object (2)", "action_flag": 2, "change_message": "[{\"changed\": {\"fields\": [\"Description\"]}}]"}}, {"model": "admin.logentry", "pk": 114, "fields": {"action_time": "2024-11-13T12:03:34.805Z", "user": 1, "content_type": 10, "object_id": "2", "object_repr": "Product object (2)", "action_flag": 2, "change_message": "[{\"changed\": {\"fields\": [\"Description\"]}}]"}}, {"model": "admin.logentry", "pk": 115, "fields": {"action_time": "2024-11-13T12:21:30.713Z", "user": 1, "content_type": 7, "object_id": "6", "object_repr": "CartOrder object (6)", "action_flag": 3, "change_message": ""}}, {"model": "admin.logentry", "pk": 116, "fields": {"action_time": "2024-11-13T12:21:30.804Z", "user": 1, "content_type": 7, "object_id": "5", "object_repr": "CartOrder object (5)", "action_flag": 3, "change_message": ""}}, {"model": "admin.logentry", "pk": 117, "fields": {"action_time": "2024-11-13T12:21:30.877Z", "user": 1, "content_type": 7, "object_id": "4", "object_repr": "CartOrder object (4)", "action_flag": 3, "change_message": ""}}, {"model": "admin.logentry", "pk": 118, "fields": {"action_time": "2024-11-13T12:21:31.038Z", "user": 1, "content_type": 7, "object_id": "3", "object_repr": "CartOrder object (3)", "action_flag": 3, "change_message": ""}}, {"model": "admin.logentry", "pk": 119, "fields": {"action_time": "2024-11-13T12:21:31.116Z", "user": 1, "content_type": 7, "object_id": "2", "object_repr": "CartOrder object (2)", "action_flag": 3, "change_message": ""}}, {"model": "admin.logentry", "pk": 120, "fields": {"action_time": "2024-11-13T12:21:31.197Z", "user": 1, "content_type": 7, "object_id": "1", "object_repr": "CartOrder object (1)", "action_flag": 3, "change_message": ""}}, {"model": "admin.logentry", "pk": 121, "fields": {"action_time": "2024-11-14T06:16:03.715Z", "user": 1, "content_type": 7, "object_id": "16", "object_repr": "CartOrder object (16)", "action_flag": 2, "change_message": "[{\"changed\": {\"fields\": [\"Paid status\", \"Product status\"]}}]"}}, {"model": "admin.logentry", "pk": 122, "fields": {"action_time": "2024-11-14T05:36:09.385Z", "user": 1, "content_type": 7, "object_id": "15", "object_repr": "CartOrder object (15)", "action_flag": 2, "change_message": "[{\"changed\": {\"fields\": [\"Paid status\", \"Product status\"]}}]"}}, {"model": "admin.logentry", "pk": 123, "fields": {"action_time": "2024-11-14T05:36:09.386Z", "user": 1, "content_type": 7, "object_id": "14", "object_repr": "CartOrder object (14)", "action_flag": 2, "change_message": "[{\"changed\": {\"fields\": [\"Paid status\", \"Product status\"]}}]"}}, {"model": "admin.logentry", "pk": 124, "fields": {"action_time": "2024-11-14T05:36:47.675Z", "user": 1, "content_type": 7, "object_id": "13", "object_repr": "CartOrder object (13)", "action_flag": 3, "change_message": ""}}, {"model": "admin.logentry", "pk": 125, "fields": {"action_time": "2024-11-14T05:36:47.754Z", "user": 1, "content_type": 7, "object_id": "12", "object_repr": "CartOrder object (12)", "action_flag": 3, "change_message": ""}}, {"model": "admin.logentry", "pk": 126, "fields": {"action_time": "2024-11-14T05:36:47.818Z", "user": 1, "content_type": 7, "object_id": "11", "object_repr": "CartOrder object (11)", "action_flag": 3, "change_message": ""}}, {"model": "admin.logentry", "pk": 127, "fields": {"action_time": "2024-11-14T05:36:47.883Z", "user": 1, "content_type": 7, "object_id": "10", "object_repr": "CartOrder object (10)", "action_flag": 3, "change_message": ""}}, {"model": "admin.logentry", "pk": 128, "fields": {"action_time": "2024-11-14T05:36:47.947Z", "user": 1, "content_type": 7, "object_id": "9", "object_repr": "CartOrder object (9)", "action_flag": 3, "change_message": ""}}, {"model": "admin.logentry", "pk": 129, "fields": {"action_time": "2024-11-14T05:36:48.011Z", "user": 1, "content_type": 7, "object_id": "8", "object_repr": "CartOrder object (8)", "action_flag": 3, "change_message": ""}}, {"model": "admin.logentry", "pk": 130, "fields": {"action_time": "2024-11-14T05:36:48.076Z", "user": 1, "content_type": 7, "object_id": "7", "object_repr": "CartOrder object (7)", "action_flag": 3, "change_message": ""}}, {"model": "admin.logentry", "pk": 131, "fields": {"action_time": "2024-11-14T05:38:00.417Z", "user": 1, "content_type": 7, "object_id": "16", "object_repr": "CartOrder object (16)", "action_flag": 3, "change_message": ""}}, {"model": "admin.logentry", "pk": 132, "fields": {"action_time": "2024-11-14T05:38:00.693Z", "user": 1, "content_type": 7, "object_id": "15", "object_repr": "CartOrder object (15)", "action_flag": 3, "change_message": ""}}, {"model": "admin.logentry", "pk": 133, "fields": {"action_time": "2024-11-14T05:38:00.757Z", "user": 1, "content_type": 7, "object_id": "14", "object_repr": "CartOrder object (14)", "action_flag": 3, "change_message": ""}}, {"model": "admin.logentry", "pk": 134, "fields": {"action_time": "2024-11-14T05:38:07.255Z", "user": 1, "content_type": 7, "object_id": "17", "object_repr": "CartOrder object (17)", "action_flag": 2, "change_message": "[{\"changed\": {\"fields\": [\"Paid status\"]}}]"}}, {"model": "admin.logentry", "pk": 135, "fields": {"action_time": "2024-11-14T05:38:11.130Z", "user": 1, "content_type": 7, "object_id": "17", "object_repr": "CartOrder object (17)", "action_flag": 2, "change_message": "[{\"changed\": {\"fields\": [\"Product status\"]}}]"}}, {"model": "admin.logentry", "pk": 136, "fields": {"action_time": "2024-11-14T05:50:59.044Z", "user": 1, "content_type": 7, "object_id": "18", "object_repr": "CartOrder object (18)", "action_flag": 2, "change_message": "[{\"changed\": {\"fields\": [\"Paid status\", \"Product status\"]}}]"}}, {"model": "admin.logentry", "pk": 137, "fields": {"action_time": "2024-11-14T05:38:20.524Z", "user": 1, "content_type": 6, "object_id": "3", "object_repr": "Address object (3)", "action_flag": 2, "change_message": "[{\"changed\": {\"fields\": [\"Mobile\"]}}]"}}, {"model": "admin.logentry", "pk": 138, "fields": {"action_time": "2024-11-14T05:38:48.121Z", "user": 1, "content_type": 6, "object_id": "2", "object_repr": "Address object (2)", "action_flag": 2, "change_message": "[{\"changed\": {\"fields\": [\"Mobile\"]}}]"}}, {"model": "admin.logentry", "pk": 139, "fields": {"action_time": "2024-11-14T05:39:27.883Z", "user": 1, "content_type": 6, "object_id": "1", "object_repr": "Address object (1)", "action_flag": 2, "change_message": "[{\"changed\": {\"fields\": [\"Mobile\"]}}]"}}, {"model": "admin.logentry", "pk": 140, "fields": {"action_time": "2024-11-14T06:08:37.174Z", "user": 1, "content_type": 6, "object_id": "4", "object_repr": "Address object (4)", "action_flag": 2, "change_message": "[{\"changed\": {\"fields\": [\"Status\"]}}]"}}, {"model": "admin.logentry", "pk": 141, "fields": {"action_time": "2024-11-14T06:09:23.859Z", "user": 1, "content_type": 6, "object_id": "4", "object_repr": "Address object (4)", "action_flag": 2, "change_message": "[{\"changed\": {\"fields\": [\"Status\"]}}]"}}, {"model": "admin.logentry", "pk": 142, "fields": {"action_time": "2024-11-14T06:19:01.154Z", "user": 1, "content_type": 6, "object_id": "1", "object_repr": "Address object (1)", "action_flag": 2, "change_message": "[{\"changed\": {\"fields\": [\"Status\"]}}]"}}, {"model": "admin.logentry", "pk": 143, "fields": {"action_time": "2024-11-14T06:19:55.794Z", "user": 1, "content_type": 6, "object_id": "1", "object_repr": "Address object (1)", "action_flag": 2, "change_message": "[{\"changed\": {\"fields\": [\"Status\"]}}]"}}, {"model": "admin.logentry", "pk": 144, "fields": {"action_time": "2024-11-14T06:10:46.387Z", "user": 1, "content_type": 6, "object_id": "4", "object_repr": "Address object (4)", "action_flag": 2, "change_message": "[{\"changed\": {\"fields\": [\"Status\"]}}]"}}, {"model": "admin.logentry", "pk": 145, "fields": {"action_time": "2024-11-14T06:10:46.389Z", "user": 1, "content_type": 6, "object_id": "1", "object_repr": "Address object (1)", "action_flag": 2, "change_message": "[{\"changed\": {\"fields\": [\"Status\"]}}]"}}, {"model": "admin.logentry", "pk": 146, "fields": {"action_time": "2024-11-14T06:04:33.377Z", "user": 1, "content_type": 6, "object_id": "6", "object_repr": "Address object (6)", "action_flag": 2, "change_message": "[{\"changed\": {\"fields\": [\"Status\"]}}]"}}, {"model": "admin.logentry", "pk": 147, "fields": {"action_time": "2024-11-14T06:06:12.394Z", "user": 1, "content_type": 6, "object_id": "6", "object_repr": "Address object (6)", "action_flag": 2, "change_message": "[{\"changed\": {\"fields\": [\"Status\"]}}]"}}, {"model": "admin.logentry", "pk": 148, "fields": {"action_time": "2024-11-14T06:07:59.463Z", "user": 1, "content_type": 7, "object_id": "45", "object_repr": "CartOrder object (45)", "action_flag": 2, "change_message": "[{\"changed\": {\"fields\": [\"Paid status\", \"Product status\"]}}]"}}, {"model": "admin.logentry", "pk": 149, "fields": {"action_time": "2024-11-14T06:26:55.339Z", "user": 1, "content_type": 15, "object_id": "14", "object_repr": "bannanas", "action_flag": 3, "change_message": ""}}, {"model": "admin.logentry", "pk": 150, "fields": {"action_time": "2024-11-14T06:26:55.424Z", "user": 1, "content_type": 15, "object_id": "13", "object_repr": "Fresh Pear", "action_flag": 3, "change_message": ""}}, {"model": "admin.logentry", "pk": 151, "fields": {"action_time": "2024-11-14T06:26:55.488Z", "user": 1, "content_type": 15, "object_id": "12", "object_repr": "Fresh Pear", "action_flag": 3, "change_message": ""}}, {"model": "admin.logentry", "pk": 152, "fields": {"action_time": "2024-11-14T06:26:55.553Z", "user": 1, "content_type": 15, "object_id": "11", "object_repr": "carrots", "action_flag": 3, "change_message": ""}}, {"model": "admin.logentry", "pk": 153, "fields": {"action_time": "2024-11-14T06:26:55.617Z", "user": 1, "content_type": 15, "object_id": "10", "object_repr": "fresh ingredients", "action_flag": 3, "change_message": ""}}, {"model": "admin.logentry", "pk": 154, "fields": {"action_time": "2024-11-14T06:26:55.682Z", "user": 1, "content_type": 15, "object_id": "9", "object_repr": "Maize", "action_flag": 3, "change_message": ""}}, {"model": "admin.logentry", "pk": 155, "fields": {"action_time": "2024-11-14T05:38:10.590Z", "user": 1, "content_type": 20, "object_id": "1", "object_repr": "Emmanuel kiptum", "action_flag": 1, "change_message": "[{\"added\": {}}]"}}, {"model": "admin.logentry", "pk": 156, "fields": {"action_time": "2024-11-14T05:59:25.098Z", "user": 1, "content_type": 7, "object_id": "54", "object_repr": "CartOrder object (54)", "action_flag": 2, "change_message": "[]"}}, {"model": "admin.logentry", "pk": 157, "fields": {"action_time": "2024-11-14T05:59:32.389Z", "user": 1, "content_type": 7, "object_id": "53", "object_repr": "CartOrder object (53)", "action_flag": 2, "change_message": "[]"}}, {"model": "admin.logentry", "pk": 158, "fields": {"action_time": "2024-11-14T05:59:40.289Z", "user": 1, "content_type": 7, "object_id": "52", "object_repr": "CartOrder object (52)", "action_flag": 2, "change_message": "[]"}}, {"model": "admin.logentry", "pk": 159, "fields": {"action_time": "2024-11-14T05:59:50.127Z", "user": 1, "content_type": 7, "object_id": "51", "object_repr": "CartOrder object (51)", "action_flag": 2, "change_message": "[]"}}, {"model": "admin.logentry", "pk": 160, "fields": {"action_time": "2024-11-14T06:00:10.559Z", "user": 1, "content_type": 7, "object_id": "50", "object_repr": "CartOrder object (50)", "action_flag": 2, "change_message": "[{\"changed\": {\"fields\": [\"Order date\"]}}]"}}, {"model": "admin.logentry", "pk": 161, "fields": {"action_time": "2024-11-14T06:00:20.671Z", "user": 1, "content_type": 7, "object_id": "51", "object_repr": "CartOrder object (51)", "action_flag": 2, "change_message": "[{\"changed\": {\"fields\": [\"Order date\"]}}]"}}, {"model": "admin.logentry", "pk": 162, "fields": {"action_time": "2024-11-14T06:00:34.674Z", "user": 1, "content_type": 7, "object_id": "49", "object_repr": "CartOrder object (49)", "action_flag": 2, "change_message": "[{\"changed\": {\"fields\": [\"Order date\"]}}]"}}, {"model": "admin.logentry", "pk": 163, "fields": {"action_time": "2024-11-14T06:00:46.644Z", "user": 1, "content_type": 7, "object_id": "48", "object_repr": "CartOrder object (48)", "action_flag": 2, "change_message": "[{\"changed\": {\"fields\": [\"Order date\"]}}]"}}, {"model": "admin.logentry", "pk": 164, "fields": {"action_time": "2024-11-14T06:01:03.739Z", "user": 1, "content_type": 7, "object_id": "47", "object_repr": "CartOrder object (47)", "action_flag": 2, "change_message": "[{\"changed\": {\"fields\": [\"Order date\"]}}]"}}, {"model": "admin.logentry", "pk": 165, "fields": {"action_time": "2024-11-14T06:01:16.906Z", "user": 1, "content_type": 7, "object_id": "46", "object_repr": "CartOrder object (46)", "action_flag": 2, "change_message": "[{\"changed\": {\"fields\": [\"Order date\"]}}]"}}, {"model": "admin.logentry", "pk": 166, "fields": {"action_time": "2024-11-14T06:01:31.732Z", "user": 1, "content_type": 7, "object_id": "45", "object_repr": "CartOrder object (45)", "action_flag": 2, "change_message": "[{\"changed\": {\"fields\": [\"Order date\"]}}]"}}, {"model": "admin.logentry", "pk": 167, "fields": {"action_time": "2024-11-14T06:01:45.058Z", "user": 1, "content_type": 7, "object_id": "44", "object_repr": "CartOrder object (44)", "action_flag": 2, "change_message": "[{\"changed\": {\"fields\": [\"Order date\"]}}]"}}, {"model": "admin.logentry", "pk": 168, "fields": {"action_time": "2024-11-14T06:02:02.386Z", "user": 1, "content_type": 7, "object_id": "41", "object_repr": "CartOrder object (41)", "action_flag": 2, "change_message": "[{\"changed\": {\"fields\": [\"Order date\"]}}]"}}, {"model": "admin.logentry", "pk": 169, "fields": {"action_time": "2024-11-14T06:02:12.702Z", "user": 1, "content_type": 7, "object_id": "32", "object_repr": "CartOrder object (32)", "action_flag": 2, "change_message": "[{\"changed\": {\"fields\": [\"Order date\"]}}]"}}, {"model": "admin.logentry", "pk": 170, "fields": {"action_time": "2024-11-14T06:02:24.189Z", "user": 1, "content_type": 7, "object_id": "28", "object_repr": "CartOrder object (28)", "action_flag": 2, "change_message": "[{\"changed\": {\"fields\": [\"Order date\"]}}]"}}, {"model": "admin.logentry", "pk": 171, "fields": {"action_time": "2024-11-14T06:06:42.377Z", "user": 1, "content_type": 7, "object_id": "61", "object_repr": "CartOrder object (61)", "action_flag": 3, "change_message": ""}}, {"model": "admin.logentry", "pk": 172, "fields": {"action_time": "2024-11-14T06:06:42.457Z", "user": 1, "content_type": 7, "object_id": "60", "object_repr": "CartOrder object (60)", "action_flag": 3, "change_message": ""}}, {"model": "admin.logentry", "pk": 173, "fields": {"action_time": "2024-11-14T06:06:42.521Z", "user": 1, "content_type": 7, "object_id": "59", "object_repr": "CartOrder object (59)", "action_flag": 3, "change_message": ""}}, {"model": "admin.logentry", "pk": 174, "fields": {"action_time": "2024-11-14T06:06:42.585Z", "user": 1, "content_type": 7, "object_id": "58", "object_repr": "CartOrder object (58)", "action_flag": 3, "change_message": ""}}, {"model": "admin.logentry", "pk": 175, "fields": {"action_time": "2024-11-14T06:06:42.650Z", "user": 1, "content_type": 7, "object_id": "57", "object_repr": "CartOrder object (57)", "action_flag": 3, "change_message": ""}}, {"model": "admin.logentry", "pk": 176, "fields": {"action_time": "2024-11-14T06:06:42.715Z", "user": 1, "content_type": 7, "object_id": "56", "object_repr": "CartOrder object (56)", "action_flag": 3, "change_message": ""}}, {"model": "admin.logentry", "pk": 177, "fields": {"action_time": "2024-11-14T06:06:42.871Z", "user": 1, "content_type": 7, "object_id": "55", "object_repr": "CartOrder object (55)", "action_flag": 3, "change_message": ""}}, {"model": "admin.logentry", "pk": 178, "fields": {"action_time": "2024-11-14T06:06:42.944Z", "user": 1, "content_type": 7, "object_id": "54", "object_repr": "CartOrder object (54)", "action_flag": 3, "change_message": ""}}, {"model": "admin.logentry", "pk": 179, "fields": {"action_time": "2024-11-14T06:06:43.008Z", "user": 1, "content_type": 7, "object_id": "53", "object_repr": "CartOrder object (53)", "action_flag": 3, "change_message": ""}}, {"model": "admin.logentry", "pk": 180, "fields": {"action_time": "2024-11-14T06:06:43.080Z", "user": 1, "content_type": 7, "object_id": "52", "object_repr": "CartOrder object (52)", "action_flag": 3, "change_message": ""}}, {"model": "admin.logentry", "pk": 181, "fields": {"action_time": "2024-11-14T06:06:43.145Z", "user": 1, "content_type": 7, "object_id": "51", "object_repr": "CartOrder object (51)", "action_flag": 3, "change_message": ""}}, {"model": "admin.logentry", "pk": 182, "fields": {"action_time": "2024-11-14T06:06:43.218Z", "user": 1, "content_type": 7, "object_id": "50", "object_repr": "CartOrder object (50)", "action_flag": 3, "change_message": ""}}, {"model": "admin.logentry", "pk": 183, "fields": {"action_time": "2024-11-14T06:06:43.291Z", "user": 1, "content_type": 7, "object_id": "49", "object_repr": "CartOrder object (49)", "action_flag": 3, "change_message": ""}}, {"model": "admin.logentry", "pk": 184, "fields": {"action_time": "2024-11-14T06:06:43.363Z", "user": 1, "content_type": 7, "object_id": "48", "object_repr": "CartOrder object (48)", "action_flag": 3, "change_message": ""}}, {"model": "admin.logentry", "pk": 185, "fields": {"action_time": "2024-11-14T06:06:43.428Z", "user": 1, "content_type": 7, "object_id": "47", "object_repr": "CartOrder object (47)", "action_flag": 3, "change_message": ""}}, {"model": "admin.logentry", "pk": 186, "fields": {"action_time": "2024-11-14T06:06:43.492Z", "user": 1, "content_type": 7, "object_id": "46", "object_repr": "CartOrder object (46)", "action_flag": 3, "change_message": ""}}, {"model": "admin.logentry", "pk": 187, "fields": {"action_time": "2024-11-14T06:06:43.557Z", "user": 1, "content_type": 7, "object_id": "45", "object_repr": "CartOrder object (45)", "action_flag": 3, "change_message": ""}}, {"model": "admin.logentry", "pk": 188, "fields": {"action_time": "2024-11-14T06:06:43.630Z", "user": 1, "content_type": 7, "object_id": "44", "object_repr": "CartOrder object (44)", "action_flag": 3, "change_message": ""}}, {"model": "admin.logentry", "pk": 189, "fields": {"action_time": "2024-11-14T06:06:43.694Z", "user": 1, "content_type": 7, "object_id": "43", "object_repr": "CartOrder object (43)", "action_flag": 3, "change_message": ""}}, {"model": "admin.logentry", "pk": 190, "fields": {"action_time": "2024-11-14T06:06:43.767Z", "user": 1, "content_type": 7, "object_id": "42", "object_repr": "CartOrder object (42)", "action_flag": 3, "change_message": ""}}, {"model": "admin.logentry", "pk": 191, "fields": {"action_time": "2024-11-14T06:06:43.831Z", "user": 1, "content_type": 7, "object_id": "41", "object_repr": "CartOrder object (41)", "action_flag": 3, "change_message": ""}}, {"model": "admin.logentry", "pk": 192, "fields": {"action_time": "2024-11-14T06:06:43.904Z", "user": 1, "content_type": 7, "object_id": "40", "object_repr": "CartOrder object (40)", "action_flag": 3, "change_message": ""}}, {"model": "admin.logentry", "pk": 193, "fields": {"action_time": "2024-11-14T06:06:43.977Z", "user": 1, "content_type": 7, "object_id": "39", "object_repr": "CartOrder object (39)", "action_flag": 3, "change_message": ""}}, {"model": "admin.logentry", "pk": 194, "fields": {"action_time": "2024-11-14T06:06:44.058Z", "user": 1, "content_type": 7, "object_id": "38", "object_repr": "CartOrder object (38)", "action_flag": 3, "change_message": ""}}, {"model": "admin.logentry", "pk": 195, "fields": {"action_time": "2024-11-14T06:06:44.139Z", "user": 1, "content_type": 7, "object_id": "37", "object_repr": "CartOrder object (37)", "action_flag": 3, "change_message": ""}}, {"model": "admin.logentry", "pk": 196, "fields": {"action_time": "2024-11-14T06:06:44.212Z", "user": 1, "content_type": 7, "object_id": "36", "object_repr": "CartOrder object (36)", "action_flag": 3, "change_message": ""}}, {"model": "admin.logentry", "pk": 197, "fields": {"action_time": "2024-11-14T06:06:44.301Z", "user": 1, "content_type": 7, "object_id": "35", "object_repr": "CartOrder object (35)", "action_flag": 3, "change_message": ""}}, {"model": "admin.logentry", "pk": 198, "fields": {"action_time": "2024-11-14T06:06:44.374Z", "user": 1, "content_type": 7, "object_id": "34", "object_repr": "CartOrder object (34)", "action_flag": 3, "change_message": ""}}, {"model": "admin.logentry", "pk": 199, "fields": {"action_time": "2024-11-14T06:06:44.439Z", "user": 1, "content_type": 7, "object_id": "33", "object_repr": "CartOrder object (33)", "action_flag": 3, "change_message": ""}}, {"model": "admin.logentry", "pk": 200, "fields": {"action_time": "2024-11-14T06:06:44.512Z", "user": 1, "content_type": 7, "object_id": "32", "object_repr": "CartOrder object (32)", "action_flag": 3, "change_message": ""}}, {"model": "admin.logentry", "pk": 201, "fields": {"action_time": "2024-11-14T06:06:44.758Z", "user": 1, "content_type": 7, "object_id": "31", "object_repr": "CartOrder object (31)", "action_flag": 3, "change_message": ""}}, {"model": "admin.logentry", "pk": 202, "fields": {"action_time": "2024-11-14T06:06:44.822Z", "user": 1, "content_type": 7, "object_id": "30", "object_repr": "CartOrder object (30)", "action_flag": 3, "change_message": ""}}, {"model": "admin.logentry", "pk": 203, "fields": {"action_time": "2024-11-14T06:06:44.886Z", "user": 1, "content_type": 7, "object_id": "29", "object_repr": "CartOrder object (29)", "action_flag": 3, "change_message": ""}}, {"model": "admin.logentry", "pk": 204, "fields": {"action_time": "2024-11-14T06:06:44.951Z", "user": 1, "content_type": 7, "object_id": "28", "object_repr": "CartOrder object (28)", "action_flag": 3, "change_message": ""}}, {"model": "admin.logentry", "pk": 205, "fields": {"action_time": "2024-11-14T06:06:45.015Z", "user": 1, "content_type": 7, "object_id": "27", "object_repr": "CartOrder object (27)", "action_flag": 3, "change_message": ""}}, {"model": "admin.logentry", "pk": 206, "fields": {"action_time": "2024-11-14T06:06:45.079Z", "user": 1, "content_type": 7, "object_id": "26", "object_repr": "CartOrder object (26)", "action_flag": 3, "change_message": ""}}, {"model": "admin.logentry", "pk": 207, "fields": {"action_time": "2024-11-14T06:06:45.144Z", "user": 1, "content_type": 7, "object_id": "25", "object_repr": "CartOrder object (25)", "action_flag": 3, "change_message": ""}}, {"model": "admin.logentry", "pk": 208, "fields": {"action_time": "2024-11-14T06:06:45.208Z", "user": 1, "content_type": 7, "object_id": "24", "object_repr": "CartOrder object (24)", "action_flag": 3, "change_message": ""}}, {"model": "admin.logentry", "pk": 209, "fields": {"action_time": "2024-11-14T06:06:45.273Z", "user": 1, "content_type": 7, "object_id": "23", "object_repr": "CartOrder object (23)", "action_flag": 3, "change_message": ""}}, {"model": "admin.logentry", "pk": 210, "fields": {"action_time": "2024-11-14T06:06:45.337Z", "user": 1, "content_type": 7, "object_id": "22", "object_repr": "CartOrder object (22)", "action_flag": 3, "change_message": ""}}, {"model": "admin.logentry", "pk": 211, "fields": {"action_time": "2024-11-14T06:06:45.401Z", "user": 1, "content_type": 7, "object_id": "21", "object_repr": "CartOrder object (21)", "action_flag": 3, "change_message": ""}}, {"model": "admin.logentry", "pk": 212, "fields": {"action_time": "2024-11-14T06:06:45.483Z", "user": 1, "content_type": 7, "object_id": "20", "object_repr": "CartOrder object (20)", "action_flag": 3, "change_message": ""}}, {"model": "admin.logentry", "pk": 213, "fields": {"action_time": "2024-11-14T06:06:45.597Z", "user": 1, "content_type": 7, "object_id": "19", "object_repr": "CartOrder object (19)", "action_flag": 3, "change_message": ""}}, {"model": "admin.logentry", "pk": 214, "fields": {"action_time": "2024-11-14T06:06:45.661Z", "user": 1, "content_type": 7, "object_id": "18", "object_repr": "CartOrder object (18)", "action_flag": 3, "change_message": ""}}, {"model": "admin.logentry", "pk": 215, "fields": {"action_time": "2024-11-14T06:06:45.725Z", "user": 1, "content_type": 7, "object_id": "17", "object_repr": "CartOrder object (17)", "action_flag": 3, "change_message": ""}}, {"model": "admin.logentry", "pk": 216, "fields": {"action_time": "2024-11-14T22:28:39.988Z", "user": 1, "content_type": 7, "object_id": "62", "object_repr": "CartOrder object (62)", "action_flag": 3, "change_message": ""}}, {"model": "admin.logentry", "pk": 217, "fields": {"action_time": "2024-11-14T23:02:11.129Z", "user": 1, "content_type": 22, "object_id": "1", "object_repr": "CODE1", "action_flag": 1, "change_message": "[{\"added\": {}}]"}}, {"model": "admin.logentry", "pk": 218, "fields": {"action_time": "2024-11-15T08:53:38.250Z", "user": 1, "content_type": 16, "object_id": "8", "object_repr": "divinna", "action_flag": 3, "change_message": ""}}, {"model": "admin.logentry", "pk": 219, "fields": {"action_time": "2024-11-15T08:58:08.011Z", "user": 1, "content_type": 7, "object_id": "66", "object_repr": "CartOrder object (66)", "action_flag": 2, "change_message": "[{\"changed\": {\"fields\": [\"Paid status\", \"Product status\"]}}]"}}, {"model": "admin.logentry", "pk": 220, "fields": {"action_time": "2024-11-15T09:37:42.225Z", "user": 1, "content_type": 14, "object_id": "6", "object_repr": "divina chesista", "action_flag": 1, "change_message": "[{\"added\": {}}]"}}, {"model": "admin.logentry", "pk": 221, "fields": {"action_time": "2024-11-15T09:39:44.127Z", "user": 1, "content_type": 10, "object_id": "9", "object_repr": "Product object (9)", "action_flag": 1, "change_message": "[{\"added\": {}}]"}}, {"model": "admin.logentry", "pk": 222, "fields": {"action_time": "2024-11-15T09:41:00.757Z", "user": 1, "content_type": 10, "object_id": "9", "object_repr": "Product object (9)", "action_flag": 2, "change_message": "[{\"added\": {\"name\": \"product images\", \"object\": \"ProductImages object (4)\"}}, {\"added\": {\"name\": \"product images\", \"object\": \"ProductImages object (5)\"}}, {\"added\": {\"name\": \"product images\", \"object\": \"ProductImages object (6)\"}}]"}}, {"model": "admin.logentry", "pk": 223, "fields": {"action_time": "2024-11-15T08:41:51.549Z", "user": 1, "content_type": 10, "object_id": "9", "object_repr": "Product object (9)", "action_flag": 2, "change_message": "[{\"changed\": {\"name\": \"product images\", \"object\": \"ProductImages object (5)\", \"fields\": [\"Images\"]}}]"}}, {"model": "admin.logentry", "pk": 224, "fields": {"action_time": "2024-11-15T08:42:58.099Z", "user": 1, "content_type": 10, "object_id": "8", "object_repr": "Product object (8)", "action_flag": 2, "change_message": "[{\"changed\": {\"fields\": [\"Image\"]}}, {\"added\": {\"name\": \"product images\", \"object\": \"ProductImages object (7)\"}}, {\"added\": {\"name\": \"product images\", \"object\": \"ProductImages object (8)\"}}, {\"added\": {\"name\": \"product images\", \"object\": \"ProductImages object (9)\"}}]"}}, {"model": "admin.logentry", "pk": 225, "fields": {"action_time": "2024-11-15T08:43:47.938Z", "user": 1, "content_type": 10, "object_id": "7", "object_repr": "Product object (7)", "action_flag": 2, "change_message": "[{\"changed\": {\"fields\": [\"Description\"]}}, {\"added\": {\"name\": \"product images\", \"object\": \"ProductImages object (10)\"}}, {\"added\": {\"name\": \"product images\", \"object\": \"ProductImages object (11)\"}}, {\"added\": {\"name\": \"product images\", \"object\": \"ProductImages object (12)\"}}]"}}, {"model": "admin.logentry", "pk": 226, "fields": {"action_time": "2024-11-15T08:48:00.207Z", "user": 1, "content_type": 10, "object_id": "10", "object_repr": "Product object (10)", "action_flag": 1, "change_message": "[{\"added\": {}}]"}}, {"model": "admin.logentry", "pk": 227, "fields": {"action_time": "2024-11-15T08:48:48.272Z", "user": 1, "content_type": 10, "object_id": "8", "object_repr": "Product object (8)", "action_flag": 2, "change_message": "[{\"changed\": {\"fields\": [\"Title\", \"Image\", \"Description\"]}}]"}}, {"model": "admin.logentry", "pk": 228, "fields": {"action_time": "2024-11-15T08:49:55.202Z", "user": 1, "content_type": 10, "object_id": "11", "object_repr": "Product object (11)", "action_flag": 1, "change_message": "[{\"added\": {}}]"}}, {"model": "admin.logentry", "pk": 229, "fields": {"action_time": "2024-11-15T08:50:12.441Z", "user": 1, "content_type": 10, "object_id": "11", "object_repr": "Product object (11)", "action_flag": 2, "change_message": "[{\"changed\": {\"fields\": [\"Tags\", \"Product status\", \"Featured\"]}}]"}}, {"model": "admin.logentry", "pk": 230, "fields": {"action_time": "2024-11-15T08:53:16.067Z", "user": 1, "content_type": 10, "object_id": "12", "object_repr": "Product object (12)", "action_flag": 1, "change_message": "[{\"added\": {}}]"}}, {"model": "admin.logentry", "pk": 231, "fields": {"action_time": "2024-11-15T08:54:49.089Z", "user": 1, "content_type": 10, "object_id": "13", "object_repr": "Product object (13)", "action_flag": 1, "change_message": "[{\"added\": {}}]"}}, {"model": "admin.logentry", "pk": 232, "fields": {"action_time": "2024-11-15T08:56:42.378Z", "user": 1, "content_type": 10, "object_id": "14", "object_repr": "Product object (14)", "action_flag": 1, "change_message": "[{\"added\": {}}]"}}, {"model": "admin.logentry", "pk": 233, "fields": {"action_time": "2024-11-15T08:58:08.030Z", "user": 1, "content_type": 10, "object_id": "15", "object_repr": "Product object (15)", "action_flag": 1, "change_message": "[{\"added\": {}}]"}}, {"model": "admin.logentry", "pk": 234, "fields": {"action_time": "2024-11-16T16:29:35.111Z", "user": 1, "content_type": 14, "object_id": "7", "object_repr": "cossy", "action_flag": 1, "change_message": "[{\"added\": {}}]"}}, {"model": "admin.logentry", "pk": 235, "fields": {"action_time": "2024-11-16T16:35:00.205Z", "user": 1, "content_type": 10, "object_id": "16", "object_repr": "Product object (16)", "action_flag": 1, "change_message": "[{\"added\": {}}]"}}, {"model": "admin.logentry", "pk": 236, "fields": {"action_time": "2024-11-16T16:37:00.308Z", "user": 1, "content_type": 10, "object_id": "17", "object_repr": "Product object (17)", "action_flag": 1, "change_message": "[{\"added\": {}}]"}}, {"model": "admin.logentry", "pk": 237, "fields": {"action_time": "2024-11-16T16:38:20.411Z", "user": 1, "content_type": 14, "object_id": "8", "object_repr": "dennis", "action_flag": 1, "change_message": "[{\"added\": {}}]"}}, {"model": "admin.logentry", "pk": 238, "fields": {"action_time": "2024-11-16T16:38:38.122Z", "user": 1, "content_type": 14, "object_id": "8", "object_repr": "dennis", "action_flag": 2, "change_message": "[{\"changed\": {\"fields\": [\"Image\", \"Cover image\"]}}]"}}, {"model": "admin.logentry", "pk": 239, "fields": {"action_time": "2024-11-16T16:39:58.907Z", "user": 1, "content_type": 10, "object_id": "18", "object_repr": "Product object (18)", "action_flag": 1, "change_message": "[{\"added\": {}}]"}}, {"model": "admin.logentry", "pk": 240, "fields": {"action_time": "2024-11-16T16:41:38.093Z", "user": 1, "content_type": 10, "object_id": "19", "object_repr": "Product object (19)", "action_flag": 1, "change_message": "[{\"added\": {}}]"}}, {"model": "admin.logentry", "pk": 241, "fields": {"action_time": "2024-11-16T16:42:51.160Z", "user": 1, "content_type": 10, "object_id": "20", "object_repr": "Product object (20)", "action_flag": 1, "change_message": "[{\"added\": {}}]"}}, {"model": "admin.logentry", "pk": 242, "fields": {"action_time": "2024-11-16T16:44:55.182Z", "user": 1, "content_type": 10, "object_id": "21", "object_repr": "Product object (21)", "action_flag": 1, "change_message": "[{\"added\": {}}]"}}, {"model": "admin.logentry", "pk": 243, "fields": {"action_time": "2024-11-16T16:45:47.886Z", "user": 1, "content_type": 10, "object_id": "13", "object_repr": "Product object (13)", "action_flag": 2, "change_message": "[{\"changed\": {\"fields\": [\"Image\"]}}]"}}, {"model": "admin.logentry", "pk": 244, "fields": {"action_time": "2024-11-16T16:48:25.518Z", "user": 1, "content_type": 7, "object_id": "67", "object_repr": "CartOrder object (67)", "action_flag": 2, "change_message": "[{\"changed\": {\"fields\": [\"Order date\"]}}]"}}, {"model": "admin.logentry", "pk": 245, "fields": {"action_time": "2024-11-16T16:48:38.526Z", "user": 1, "content_type": 7, "object_id": "68", "object_repr": "CartOrder object (68)", "action_flag": 2, "change_message": "[{\"changed\": {\"fields\": [\"Order date\"]}}]"}}, {"model": "admin.logentry", "pk": 246, "fields": {"action_time": "2024-11-16T16:48:51.382Z", "user": 1, "content_type": 7, "object_id": "69", "object_repr": "CartOrder object (69)", "action_flag": 2, "change_message": "[{\"changed\": {\"fields\": [\"Order date\"]}}]"}}, {"model": "admin.logentry", "pk": 247, "fields": {"action_time": "2024-11-16T16:49:04.477Z", "user": 1, "content_type": 7, "object_id": "70", "object_repr": "CartOrder object (70)", "action_flag": 2, "change_message": "[{\"changed\": {\"fields\": [\"Order date\"]}}]"}}, {"model": "admin.logentry", "pk": 248, "fields": {"action_time": "2024-11-16T16:49:25.937Z", "user": 1, "content_type": 7, "object_id": "71", "object_repr": "CartOrder object (71)", "action_flag": 2, "change_message": "[{\"changed\": {\"fields\": [\"Order date\"]}}]"}}, {"model": "auth.permission", "pk": 1, "fields": {"name": "Can add log entry", "content_type": 1, "codename": "add_logentry"}}, {"model": "auth.permission", "pk": 2, "fields": {"name": "Can change log entry", "content_type": 1, "codename": "change_logentry"}}, {"model": "auth.permission", "pk": 3, "fields": {"name": "Can delete log entry", "content_type": 1, "codename": "delete_logentry"}}, {"model": "auth.permission", "pk": 4, "fields": {"name": "Can view log entry", "content_type": 1, "codename": "view_logentry"}}, {"model": "auth.permission", "pk": 5, "fields": {"name": "Can add permission", "content_type": 2, "codename": "add_permission"}}, {"model": "auth.permission", "pk": 6, "fields": {"name": "Can change permission", "content_type": 2, "codename": "change_permission"}}, {"model": "auth.permission", "pk": 7, "fields": {"name": "Can delete permission", "content_type": 2, "codename": "delete_permission"}}, {"model": "auth.permission", "pk": 8, "fields": {"name": "Can view permission", "content_type": 2, "codename": "view_permission"}}, {"model": "auth.permission", "pk": 9, "fields": {"name": "Can add group", "content_type": 3, "codename": "add_group"}}, {"model": "auth.permission", "pk": 10, "fields": {"name": "Can change group", "content_type": 3, "codename": "change_group"}}, {"model": "auth.permission", "pk": 11, "fields": {"name": "Can delete group", "content_type": 3, "codename": "delete_group"}}, {"model": "auth.permission", "pk": 12, "fields": {"name": "Can view group", "content_type": 3, "codename": "view_group"}}, {"model": "auth.permission", "pk": 13, "fields": {"name": "Can add content type", "content_type": 4, "codename": "add_contenttype"}}, {"model": "auth.permission", "pk": 14, "fields": {"name": "Can change content type", "content_type": 4, "codename": "change_contenttype"}}, {"model": "auth.permission", "pk": 15, "fields": {"name": "Can delete content type", "content_type": 4, "codename": "delete_contenttype"}}, {"model": "auth.permission", "pk": 16, "fields": {"name": "Can view content type", "content_type": 4, "codename": "view_contenttype"}}, {"model": "auth.permission", "pk": 17, "fields": {"name": "Can add session", "content_type": 5, "codename": "add_session"}}, {"model": "auth.permission", "pk": 18, "fields": {"name": "Can change session", "content_type": 5, "codename": "change_session"}}, {"model": "auth.permission", "pk": 19, "fields": {"name": "Can delete session", "content_type": 5, "codename": "delete_session"}}, {"model": "auth.permission", "pk": 20, "fields": {"name": "Can view session", "content_type": 5, "codename": "view_session"}}, {"model": "auth.permission", "pk": 21, "fields": {"name": "Can add address", "content_type": 6, "codename": "add_address"}}, {"model": "auth.permission", "pk": 22, "fields": {"name": "Can change address", "content_type": 6, "codename": "change_address"}}, {"model": "auth.permission", "pk": 23, "fields": {"name": "Can delete address", "content_type": 6, "codename": "delete_address"}}, {"model": "auth.permission", "pk": 24, "fields": {"name": "Can view address", "content_type": 6, "codename": "view_address"}}, {"model": "auth.permission", "pk": 25, "fields": {"name": "Can add cart order", "content_type": 7, "codename": "add_cartorder"}}, {"model": "auth.permission", "pk": 26, "fields": {"name": "Can change cart order", "content_type": 7, "codename": "change_cartorder"}}, {"model": "auth.permission", "pk": 27, "fields": {"name": "Can delete cart order", "content_type": 7, "codename": "delete_cartorder"}}, {"model": "auth.permission", "pk": 28, "fields": {"name": "Can view cart order", "content_type": 7, "codename": "view_cartorder"}}, {"model": "auth.permission", "pk": 29, "fields": {"name": "Can add cart order items", "content_type": 8, "codename": "add_cartorderitems"}}, {"model": "auth.permission", "pk": 30, "fields": {"name": "Can change cart order items", "content_type": 8, "codename": "change_cartorderitems"}}, {"model": "auth.permission", "pk": 31, "fields": {"name": "Can delete cart order items", "content_type": 8, "codename": "delete_cartorderitems"}}, {"model": "auth.permission", "pk": 32, "fields": {"name": "Can view cart order items", "content_type": 8, "codename": "view_cartorderitems"}}, {"model": "auth.permission", "pk": 33, "fields": {"name": "Can add category", "content_type": 9, "codename": "add_category"}}, {"model": "auth.permission", "pk": 34, "fields": {"name": "Can change category", "content_type": 9, "codename": "change_category"}}, {"model": "auth.permission", "pk": 35, "fields": {"name": "Can delete category", "content_type": 9, "codename": "delete_category"}}, {"model": "auth.permission", "pk": 36, "fields": {"name": "Can view category", "content_type": 9, "codename": "view_category"}}, {"model": "auth.permission", "pk": 37, "fields": {"name": "Can add product", "content_type": 10, "codename": "add_product"}}, {"model": "auth.permission", "pk": 38, "fields": {"name": "Can change product", "content_type": 10, "codename": "change_product"}}, {"model": "auth.permission", "pk": 39, "fields": {"name": "Can delete product", "content_type": 10, "codename": "delete_product"}}, {"model": "auth.permission", "pk": 40, "fields": {"name": "Can view product", "content_type": 10, "codename": "view_product"}}, {"model": "auth.permission", "pk": 41, "fields": {"name": "Can add product images", "content_type": 11, "codename": "add_productimages"}}, {"model": "auth.permission", "pk": 42, "fields": {"name": "Can change product images", "content_type": 11, "codename": "change_productimages"}}, {"model": "auth.permission", "pk": 43, "fields": {"name": "Can delete product images", "content_type": 11, "codename": "delete_productimages"}}, {"model": "auth.permission", "pk": 44, "fields": {"name": "Can view product images", "content_type": 11, "codename": "view_productimages"}}, {"model": "auth.permission", "pk": 45, "fields": {"name": "Can add product review", "content_type": 12, "codename": "add_productreview"}}, {"model": "auth.permission", "pk": 46, "fields": {"name": "Can change product review", "content_type": 12, "codename": "change_productreview"}}, {"model": "auth.permission", "pk": 47, "fields": {"name": "Can delete product review", "content_type": 12, "codename": "delete_productreview"}}, {"model": "auth.permission", "pk": 48, "fields": {"name": "Can view product review", "content_type": 12, "codename": "view_productreview"}}, {"model": "auth.permission", "pk": 49, "fields": {"name": "Can add tags", "content_type": 13, "codename": "add_tags"}}, {"model": "auth.permission", "pk": 50, "fields": {"name": "Can change tags", "content_type": 13, "codename": "change_tags"}}, {"model": "auth.permission", "pk": 51, "fields": {"name": "Can delete tags", "content_type": 13, "codename": "delete_tags"}}, {"model": "auth.permission", "pk": 52, "fields": {"name": "Can view tags", "content_type": 13, "codename": "view_tags"}}, {"model": "auth.permission", "pk": 53, "fields": {"name": "Can add vendor", "content_type": 14, "codename": "add_vendor"}}, {"model": "auth.permission", "pk": 54, "fields": {"name": "Can change vendor", "content_type": 14, "codename": "change_vendor"}}, {"model": "auth.permission", "pk": 55, "fields": {"name": "Can delete vendor", "content_type": 14, "codename": "delete_vendor"}}, {"model": "auth.permission", "pk": 56, "fields": {"name": "Can view vendor", "content_type": 14, "codename": "view_vendor"}}, {"model": "auth.permission", "pk": 57, "fields": {"name": "Can add wishlist", "content_type": 15, "codename": "add_wishlist"}}, {"model": "auth.permission", "pk": 58, "fields": {"name": "Can change wishlist", "content_type": 15, "codename": "change_wishlist"}}, {"model": "auth.permission", "pk": 59, "fields": {"name": "Can delete wishlist", "content_type": 15, "codename": "delete_wishlist"}}, {"model": "auth.permission", "pk": 60, "fields": {"name": "Can view wishlist", "content_type": 15, "codename": "view_wishlist"}}, {"model": "auth.permission", "pk": 61, "fields": {"name": "Can add user", "content_type": 16, "codename": "add_user"}}, {"model": "auth.permission", "pk": 62, "fields": {"name": "Can change user", "content_type": 16, "codename": "change_user"}}, {"model": "auth.permission", "pk": 63, "fields": {"name": "Can delete user", "content_type": 16, "codename": "delete_user"}}, {"model": "auth.permission", "pk": 64, "fields": {"name": "Can view user", "content_type": 16, "codename": "view_user"}}, {"model": "auth.permission", "pk": 65, "fields": {"name": "Can add tag", "content_type": 17, "codename": "add_tag"}}, {"model": "auth.permission", "pk": 66, "fields": {"name": "Can change tag", "content_type": 17, "codename": "change_tag"}}, {"model": "auth.permission", "pk": 67, "fields": {"name": "Can delete tag", "content_type": 17, "codename": "delete_tag"}}, {"model": "auth.permission", "pk": 68, "fields": {"name": "Can view tag", "content_type": 17, "codename": "view_tag"}}, {"model": "auth.permission", "pk": 69, "fields": {"name": "Can add tagged item", "content_type": 18, "codename": "add_taggeditem"}}, {"model": "auth.permission", "pk": 70, "fields": {"name": "Can change tagged item", "content_type": 18, "codename": "change_taggeditem"}}, {"model": "auth.permission", "pk": 71, "fields": {"name": "Can delete tagged item", "content_type": 18, "codename": "delete_taggeditem"}}, {"model": "auth.permission", "pk": 72, "fields": {"name": "Can view tagged item", "content_type": 18, "codename": "view_taggeditem"}}, {"model": "auth.permission", "pk": 73, "fields": {"name": "Can add PayPal IPN", "content_type": 19, "codename": "add_paypalipn"}}, {"model": "auth.permission", "pk": 74, "fields": {"name": "Can change PayPal IPN", "content_type": 19, "codename": "change_paypalipn"}}, {"model": "auth.permission", "pk": 75, "fields": {"name": "Can delete PayPal IPN", "content_type": 19, "codename": "delete_paypalipn"}}, {"model": "auth.permission", "pk": 76, "fields": {"name": "Can view PayPal IPN", "content_type": 19, "codename": "view_paypalipn"}}, {"model": "auth.permission", "pk": 77, "fields": {"name": "Can add wishlist_model", "content_type": 15, "codename": "add_wishlist_model"}}, {"model": "auth.permission", "pk": 78, "fields": {"name": "Can change wishlist_model", "content_type": 15, "codename": "change_wishlist_model"}}, {"model": "auth.permission", "pk": 79, "fields": {"name": "Can delete wishlist_model", "content_type": 15, "codename": "delete_wishlist_model"}}, {"model": "auth.permission", "pk": 80, "fields": {"name": "Can view wishlist_model", "content_type": 15, "codename": "view_wishlist_model"}}, {"model": "auth.permission", "pk": 81, "fields": {"name": "Can add cart order products", "content_type": 8, "codename": "add_cartorderproducts"}}, {"model": "auth.permission", "pk": 82, "fields": {"name": "Can change cart order products", "content_type": 8, "codename": "change_cartorderproducts"}}, {"model": "auth.permission", "pk": 83, "fields": {"name": "Can delete cart order products", "content_type": 8, "codename": "delete_cartorderproducts"}}, {"model": "auth.permission", "pk": 84, "fields": {"name": "Can view cart order products", "content_type": 8, "codename": "view_cartorderproducts"}}, {"model": "auth.permission", "pk": 85, "fields": {"name": "Can add Contact Us", "content_type": 20, "codename": "add_contactus"}}, {"model": "auth.permission", "pk": 86, "fields": {"name": "Can change Contact Us", "content_type": 20, "codename": "change_contactus"}}, {"model": "auth.permission", "pk": 87, "fields": {"name": "Can delete Contact Us", "content_type": 20, "codename": "delete_contactus"}}, {"model": "auth.permission", "pk": 88, "fields": {"name": "Can view Contact Us", "content_type": 20, "codename": "view_contactus"}}, {"model": "auth.permission", "pk": 89, "fields": {"name": "Can add profile", "content_type": 21, "codename": "add_profile"}}, {"model": "auth.permission", "pk": 90, "fields": {"name": "Can change profile", "content_type": 21, "codename": "change_profile"}}, {"model": "auth.permission", "pk": 91, "fields": {"name": "Can delete profile", "content_type": 21, "codename": "delete_profile"}}, {"model": "auth.permission", "pk": 92, "fields": {"name": "Can view profile", "content_type": 21, "codename": "view_profile"}}, {"model": "auth.permission", "pk": 93, "fields": {"name": "Can add coupon", "content_type": 22, "codename": "add_coupon"}}, {"model": "auth.permission", "pk": 94, "fields": {"name": "Can change coupon", "content_type": 22, "codename": "change_coupon"}}, {"model": "auth.permission", "pk": 95, "fields": {"name": "Can delete coupon", "content_type": 22, "codename": "delete_coupon"}}, {"model": "auth.permission", "pk": 96, "fields": {"name": "Can view coupon", "content_type": 22, "codename": "view_coupon"}}, {"model": "contenttypes.contenttype", "pk": 1, "fields": {"app_label": "admin", "model": "logentry"}}, {"model": "contenttypes.contenttype", "pk": 2, "fields": {"app_label": "auth", "model": "permission"}}, {"model": "contenttypes.contenttype", "pk": 3, "fields": {"app_label": "auth", "model": "group"}}, {"model": "contenttypes.contenttype", "pk": 4, "fields": {"app_label": "contenttypes", "model": "contenttype"}}, {"model": "contenttypes.contenttype", "pk": 5, "fields": {"app_label": "sessions", "model": "session"}}, {"model": "contenttypes.contenttype", "pk": 6, "fields": {"app_label": "core", "model": "address"}}, {"model": "contenttypes.contenttype", "pk": 7, "fields": {"app_label": "core", "model": "cartorder"}}, {"model": "contenttypes.contenttype", "pk": 8, "fields": {"app_label": "core", "model": "cartorderproducts"}}, {"model": "contenttypes.contenttype", "pk": 9, "fields": {"app_label": "core", "model": "category"}}, {"model": "contenttypes.contenttype", "pk": 10, "fields": {"app_label": "core", "model": "product"}}, {"model": "contenttypes.contenttype", "pk": 11, "fields": {"app_label": "core", "model": "productimages"}}, {"model": "contenttypes.contenttype", "pk": 12, "fields": {"app_label": "core", "model": "productreview"}}, {"model": "contenttypes.contenttype", "pk": 13, "fields": {"app_label": "core", "model": "tags"}}, {"model": "contenttypes.contenttype", "pk": 14, "fields": {"app_label": "core", "model": "vendor"}}, {"model": "contenttypes.contenttype", "pk": 15, "fields": {"app_label": "core", "model": "wishlist_model"}}, {"model": "contenttypes.contenttype", "pk": 16, "fields": {"app_label": "userauths", "model": "user"}}, {"model": "contenttypes.contenttype", "pk": 17, "fields": {"app_label": "taggit", "model": "tag"}}, {"model": "contenttypes.contenttype", "pk": 18, "fields": {"app_label": "taggit", "model": "taggeditem"}}, {"model": "contenttypes.contenttype", "pk": 19, "fields": {"app_label": "ipn", "model": "paypalipn"}}, {"model": "contenttypes.contenttype", "pk": 20, "fields": {"app_label": "userauths", "model": "contactus"}}, {"model": "contenttypes.contenttype", "pk": 21, "fields": {"app_label": "userauths", "model": "profile"}}, {"model": "contenttypes.contenttype", "pk": 22, "fields": {"app_label": "core", "model": "coupon"}}, {"model": "sessions.session", "pk": "2r00gnm8f6ctpsl43n8w9q93ey82i4m6", "fields": {"session_data": ".eJx1jb1uhTAMRl-l8kyBJBARxg7drtQ3QE5iSCh_hTC0V7x7ob2VYOhiyT7f53MHg3OoLAasRt1CeQd-jOBDR1DC60yLe3ojnCGCj_AJJYtgmr05IIuV2s--x-ZYk56sx2RdaK54Etza6wF998xY3E7NHpy83WMi041gWBsGWwTybLuh_6I_ETA4q9L0H1V2UqmLiQlucs3QOdh2VYVrcNVP5xfD5abRvNNwANvi0IyxGYcwex0fkfhBl_g2WupeHtnLA4eL29tZIXOpMmlTSZRKm0kphFC2Viit0IhCUlHwXAle6zTPiGlhapYS52gl1rB9A4wrfts:1tBC6h:qjuq_ztMbR8pE_Lf6DAOzLRSkES28ux4y37UVFTwfpc", "expire_date": "2024-11-27T12:04:23.129Z"}}, {"model": "sessions.session", "pk": "7l80vkmmot78de593yh2yza2amicfump", "fields": {"session_data": ".eJxVjDsOwjAQBe_iGln-Lc5S0nMGy_aucQA5UpxUiLuTSCmgfTPz3iLEdalh7TyHkcRFaCVOv2OK-cltJ_SI7T7JPLVlHpPcFXnQLm8T8et6uH8HNfa61Q6QiNnmGG1JA5UMlC05ZxHY2Zw2bEArAvQGMXlDXoMugzoTsEHx-QIzFjh2:1tAVMa:85PjXfPXzBGrYm-2afqKNfjVQL2XDU15gLloR19S3bI", "expire_date": "2024-11-25T14:25:56.553Z"}}, {"model": "sessions.session", "pk": "dernofddqban1aj9l2wcd6hvb5wzqbmb", "fields": {"session_data": ".eJx9zcEOgjAMBuBXMT0jCAsqPIBn34AUVrYSwDnGwZC9u9vFYGK8NP3Tv_k26NC6RqLD5tEOUG9wicOxGwlquFla9OHOM6ExIy2QwNO9wiEPm7HcxZJIqypEnlDFmE0kGbN1Idvkp8zpdWpn5PEo0sGo-Mcy1KRUqMueFIJP4PpDJbQfr9h5-R9vx52_ONUpoXsqRQHe-zcWz02f:1tBC2Z:nCdBLvXoVbsVwwjVCVQwoBoXd21obzRjrNh7QJNyXpE", "expire_date": "2024-11-27T12:00:07.080Z"}}, {"model": "sessions.session", "pk": "e968hq129hzbd4muszy8wz68q9yjeqg6", "fields": {"session_data": ".eJyV0E1PwyAYAOC_YjjPrnwU2900cbclHrw3L_C2MDtaW3bQZf9dmItpkxnjhcD79QAnomEMtYEAda_2ZHMiLC3BhQ7JhmxHnOzdC8JIVuQ9fMQQjbthdDqlaVZV8egO0Kbj-oDGwfo44VizdbDHg_LguntKs_3Qpj5nYhkXquUUGk3JeRXnzTwF3oOH6b8anWmiNs-P21dbLlBqjQZhVNEmVM7RHbhPvCn-oomZVi0VznShKFiblIcbX-k8wjB0-PNE9idH85nHF54xLdiiwRbIOYI1HIOtL03f1yGLmAL9hv7Stwff9pnufRidylJJds1O2a432D1daxcDLEw2dotSFrIS0uQSMZdGSMk5r0xTgTRcAXCJZcmKirNG5YVAqrhuaI6MgZHQkPMXKPPFqg:1tBBsZ:QhbK-DAwAf-bbtOjKsatNW7Y1EDVMFM8pTnDfR_k6Kk", "expire_date": "2024-11-27T11:49:47.668Z"}}, {"model": "sessions.session", "pk": "g0nhkdj0t1owrfioonc4751cfcbexxpd", "fields": {"session_data": ".eJwVi0sOwjAMRK-CvIZGbtm0B2DNDSLnQ-qqgeK6C1Tl7iSb0bz5nOBJ1AZSsh-3wHRC30RZ1wgTPCTu8-UZSeAKX_3VCKvbhH2rsRvHipwpNTQ5BiZz7FFsb3Q-snsTrzfEbtlS-3Gos-Hu0oD08gillD-k0CjR:1tBCDT:bpN7KPcDRUMnazvyQrcAb-pCQMXa3Z5dcxTyU2wY-vo", "expire_date": "2024-11-27T12:11:23.030Z"}}, {"model": "sessions.session", "pk": "gcziyydd7n7f2fwoes3sgmrbflqavws7", "fields": {"session_data": ".eJxVjDsOwyAQBe9CHSF-BpMyvc-AFnYJTiKQjF1FuXuE5CJp38y8Nwtw7CUcnbawIrsyyS6_W4T0pDoAPqDeG0-t7tsa-VD4STtfGtLrdrp_BwV6GXXW0eTZCGOzJ5PICek9OIvCp-hA2ylLcpMGoYxFKZUADwoAcU42R_b5AuXTOCw:1tCLwb:9rFrgE7EyyDiNrIhcbJ_timPKfm2jsi2rogxQazGO8Y", "expire_date": "2024-11-30T16:46:45.041Z"}}, {"model": "sessions.session", "pk": "j32pj9gr8kpt98wl6kkb3w4nq6ecpw77", "fields": {"session_data": ".eJx90kuPmzAQAOC_EvmcEI9tIOTWql31UrWH3tH4hckmmBpziFb57wW0zYYk7AUJe-zP83gjJfbRlX1nQllrsidA1rdrEtWracYNfcCm8onyTQy1TMaQ5H23S356bY5f32NnFzjs3HjacinsTlCR2cIIZXIKRYF5pmmhZI48Sy2YPOVImcg0AKNYIEPUeqcyK4dLFYZYaoxYenkg-zcC6fiNdTyaQXgJpnOrX2F4pVl9C3XzOpz5G89kD2vShlqNQZAUxbBcn7Aaf7cno2vcTg9Nt23wuldxA2IDyaGthsB2qgkDJioHhilyWRMQj-zZV64P8YkolkVxFbM7UHOJVoJk6QTyR_CHb8z5WYJ02YOrl995HPVQaK45mzx260lj7Gplvdf_uWlGPvKjYsHLrx6781ylmLImlXr02GN6vw2Gp9wnDWTb6PqTbLA-buAuPyErDmgVTPnRR3BVhbo13YK540slTW9ROkOVYkIpYGBHdNbDYZSDj0sapQsav8VmFqaSK6OUEFOCs_5h02CDS9gn0_KBiVJ___Lyx-1mKDitUGiZVuRyufwDdO9QSw:1tBsc9:GNaEya201Q_vb-KB-_NH8_9_7PK1chriEBb97tFI6dE", "expire_date": "2024-11-29T09:27:41.961Z"}}, {"model": "sessions.session", "pk": "ji7n8lxxa9avovki1j2jasvobse616x0", "fields": {"session_data": ".eJx10D1zAiEQBuC_4lArstyXWKbIpEmX_maB5T6ih7njCsfxvwccxxgTGwaWl32AE6txDm09TzTWnWVbBmx5X9NoPmlIG7bHofHc-CGMneYpwq-7E3_3lnYv1-yvBi1ObTrtMp27TS7y0inKDVUClMKqtEIZXWFWFg6oKjIUMi8tgBSoUCJauzGl07GpwTHUFgPWXvdse2IS0hi6sKMofPg9Br-Y_DwaivGvcIzVLM4OY2dSQnGl4rLbY5OW6z3ZDteXW-brw-jtbMIKshXw_tCkc5cPaQDiPSDXyM5LJsW9-TrS1C7e_EDHmwh3ouSieCJmN7F6AKUudCGdIUggqL-g8c4R_StmXIgnIvy8ER5IY0gTSJfI8_kb3p2lPQ:1tCcsX:qtLv2f3WvxFw-InZfXHQDyfgWyRPJwu_2joiDJPBk5A", "expire_date": "2024-12-01T10:51:41.770Z"}}, {"model": "sessions.session", "pk": "qcupbisnlas4tcjzy9ldife9uslie7za", "fields": {"session_data": ".eJxVjDkOwjAQRe_iGlmeZLyEkj5nsMbL4ACypSwV4u7IUgpo_3vvv4WnYy_-2PLqlySuAsTldwsUn7l2kB5U703GVvd1CbIr8qSbnFvKr9vp_h0U2kqvkSjhqA0pp6yZMGrGaCdG43BkHiHhkBEAMuRpsBytMkjAHFi7oMTnC9UcN6Y:1tAkTK:V34lx8hAvF1vTXM02ok786Szy1_QmdbsdBJVtm4fNHQ", "expire_date": "2024-11-26T06:33:54.217Z"}}, {"model": "sessions.session", "pk": "tw6wt7i19vnkntrdz5o4fdtnaoy5o55c", "fields": {"session_data": ".eJx1zcEOgjAMBuBXMT0jMKYx8ACefQNSWBklgHMbB0P27m43TfDS9E__5tuhR-tbhR7bZzdBs8MtDc9-JmjgbsmNpwevhMbM5CCDl3_Hgyjjaiz3qSXzuo6RF9QpFgspxmJzZFtRFn7clm5Fns8yn4xOf6xiTSmN43UgjRAyqA5YQnsMiv9g9eUJ8QPKS6elwKEXEEL4ANUeTeM:1tBCQw:yGiKFMuJpXS-uJ2-aO2pc6JYbziaD8EvEeBn91O9y1M", "expire_date": "2024-11-27T12:25:18.325Z"}}, {"model": "sessions.session", "pk": "uvtjfff2tl0u2qr4qzw6hx0i9jjltv7d", "fields": {"session_data": ".eJyVz91qhDAQBeBXKXOtqzGNW32A3hX6BjImk59F3TTGi3bx3auFpRHaQm8GZjjMx7mBxBA7hRG7a3-B9gbnfUQXB4IWngPN9uHVTYTeDzRDBm_xHVqegQ9O7hF-aprt7EY0-1qMpBwWy0yhY2UR7TL2E7oh56eLN1vQO7XFlDJohSaDsGbw9INJGO4aMPj22B9ewtUHzkjDrSbBq52rU-4F3QfdJZE6ZfmL85g4zcFhvJKiZ2jt7ojU0V-13GTC9oimOP-_nQ9XtciYszo_H1jLWFXpCnUP67p-Ai4BkL4:1tBC2W:0O8a3Q-Z9r09_PG9wNLwZO-oqDascVOVulixGkgQOFE", "expire_date": "2024-11-27T12:00:04.108Z"}}, {"model": "sessions.session", "pk": "vgcvvwnlsi5m41jm91ods8b3antzkjuf", "fields": {"session_data": ".eJyl0kFPwyAUAOC_YjjPrhSK7W6auJuJB-_NA16B2dHasoNZ-t-FZcY20ZjohRDeg4_34EwaOAXbnCYcG6fJjlCyWa5JUK_oU0AfwJs-U70Po5NZSsmu0Sl76jV2D9fc1QEWJht380qUouZC5wIxF5oLwRirdVuD0EwCMIFVVZQ1K1qZlxypZKqlORYFaAFtPFTBGBoNAZpeHsjuTKo0BBc6jMB-xMnePCOMMfUtvJMd3ZBhdCoF45I7gknT7RG1g-3lbnQb7OkoPbjuVmSHwcS84dIFowyzLZasIPOGFP-FigVE6UpiXBpGoVU0SXffSM4jDEOH06cX7_N7afmCZCtRawO2bNFAEulSlOA9eJj-1kLe6Mf7_YutVhy1WgHXsjSJY0suvujYh6-66KIumuX5DyZbdnNlQRl_DSrFOZnn-QPTROYF:1tAruc:ORLLzXZTdiCLMDrDP-fU5_y1BuQVtffxyhZ1ZAVw9dg", "expire_date": "2024-11-26T14:30:34.427Z"}}, {"model": "taggit.tag", "pk": 1, "fields": {"name": "build", "slug": "build"}}, {"model": "taggit.tag", "pk": 2, "fields": {"name": "carbohydrate", "slug": "carbohydrate"}}, {"model": "taggit.tag", "pk": 3, "fields": {"name": "energy", "slug": "energy"}}, {"model": "taggit.tag", "pk": 4, "fields": {"name": "my name is emmanuel", "slug": "my-name-is-emmanuel"}}, {"model": "taggit.taggeditem", "pk": 1, "fields": {"tag": 1, "content_type": 10, "object_id": 6}}, {"model": "taggit.taggeditem", "pk": 2, "fields": {"tag": 2, "content_type": 10, "object_id": 6}}, {"model": "taggit.taggeditem", "pk": 3, "fields": {"tag": 3, "content_type": 10, "object_id": 6}}, {"model": "taggit.taggeditem", "pk": 4, "fields": {"tag": 1, "content_type": 10, "object_id": 7}}, {"model": "taggit.taggeditem", "pk": 5, "fields": {"tag": 2, "content_type": 10, "object_id": 7}}, {"model": "taggit.taggeditem", "pk": 6, "fields": {"tag": 3, "content_type": 10, "object_id": 7}}, {"model": "taggit.taggeditem", "pk": 7, "fields": {"tag": 1, "content_type": 10, "object_id": 5}}, {"model": "taggit.taggeditem", "pk": 8, "fields": {"tag": 2, "content_type": 10, "object_id": 5}}, {"model": "taggit.taggeditem", "pk": 9, "fields": {"tag": 3, "content_type": 10, "object_id": 5}}, {"model": "taggit.taggeditem", "pk": 10, "fields": {"tag": 1, "content_type": 10, "object_id": 3}}, {"model": "taggit.taggeditem", "pk": 11, "fields": {"tag": 2, "content_type": 10, "object_id": 3}}, {"model": "taggit.taggeditem", "pk": 12, "fields": {"tag": 3, "content_type": 10, "object_id": 3}}, {"model": "taggit.taggeditem", "pk": 13, "fields": {"tag": 1, "content_type": 10, "object_id": 4}}, {"model": "taggit.taggeditem", "pk": 14, "fields": {"tag": 2, "content_type": 10, "object_id": 4}}, {"model": "taggit.taggeditem", "pk": 15, "fields": {"tag": 3, "content_type": 10, "object_id": 4}}, {"model": "taggit.taggeditem", "pk": 16, "fields": {"tag": 1, "content_type": 10, "object_id": 2}}, {"model": "taggit.taggeditem", "pk": 17, "fields": {"tag": 2, "content_type": 10, "object_id": 2}}, {"model": "taggit.taggeditem", "pk": 18, "fields": {"tag": 3, "content_type": 10, "object_id": 2}}, {"model": "taggit.taggeditem", "pk": 19, "fields": {"tag": 1, "content_type": 10, "object_id": 1}}, {"model": "taggit.taggeditem", "pk": 20, "fields": {"tag": 2, "content_type": 10, "object_id": 1}}, {"model": "taggit.taggeditem", "pk": 21, "fields": {"tag": 3, "content_type": 10, "object_id": 1}}, {"model": "taggit.taggeditem", "pk": 22, "fields": {"tag": 1, "content_type": 10, "object_id": 8}}, {"model": "taggit.taggeditem", "pk": 23, "fields": {"tag": 2, "content_type": 10, "object_id": 8}}, {"model": "taggit.taggeditem", "pk": 24, "fields": {"tag": 3, "content_type": 10, "object_id": 8}}, {"model": "taggit.taggeditem", "pk": 25, "fields": {"tag": 1, "content_type": 10, "object_id": 9}}, {"model": "taggit.taggeditem", "pk": 26, "fields": {"tag": 2, "content_type": 10, "object_id": 9}}, {"model": "taggit.taggeditem", "pk": 27, "fields": {"tag": 3, "content_type": 10, "object_id": 9}}, {"model": "taggit.taggeditem", "pk": 28, "fields": {"tag": 1, "content_type": 10, "object_id": 10}}, {"model": "taggit.taggeditem", "pk": 29, "fields": {"tag": 2, "content_type": 10, "object_id": 10}}, {"model": "taggit.taggeditem", "pk": 30, "fields": {"tag": 3, "content_type": 10, "object_id": 10}}, {"model": "taggit.taggeditem", "pk": 31, "fields": {"tag": 1, "content_type": 10, "object_id": 11}}, {"model": "taggit.taggeditem", "pk": 32, "fields": {"tag": 2, "content_type": 10, "object_id": 11}}, {"model": "taggit.taggeditem", "pk": 33, "fields": {"tag": 3, "content_type": 10, "object_id": 11}}, {"model": "taggit.taggeditem", "pk": 34, "fields": {"tag": 1, "content_type": 10, "object_id": 12}}, {"model": "taggit.taggeditem", "pk": 35, "fields": {"tag": 2, "content_type": 10, "object_id": 12}}, {"model": "taggit.taggeditem", "pk": 36, "fields": {"tag": 3, "content_type": 10, "object_id": 12}}, {"model": "taggit.taggeditem", "pk": 37, "fields": {"tag": 1, "content_type": 10, "object_id": 13}}, {"model": "taggit.taggeditem", "pk": 38, "fields": {"tag": 2, "content_type": 10, "object_id": 13}}, {"model": "taggit.taggeditem", "pk": 39, "fields": {"tag": 3, "content_type": 10, "object_id": 13}}, {"model": "taggit.taggeditem", "pk": 40, "fields": {"tag": 1, "content_type": 10, "object_id": 14}}, {"model": "taggit.taggeditem", "pk": 41, "fields": {"tag": 2, "content_type": 10, "object_id": 14}}, {"model": "taggit.taggeditem", "pk": 42, "fields": {"tag": 3, "content_type": 10, "object_id": 14}}, {"model": "taggit.taggeditem", "pk": 43, "fields": {"tag": 1, "content_type": 10, "object_id": 15}}, {"model": "taggit.taggeditem", "pk": 44, "fields": {"tag": 2, "content_type": 10, "object_id": 15}}, {"model": "taggit.taggeditem", "pk": 45, "fields": {"tag": 3, "content_type": 10, "object_id": 15}}, {"model": "taggit.taggeditem", "pk": 46, "fields": {"tag": 1, "content_type": 10, "object_id": 16}}, {"model": "taggit.taggeditem", "pk": 47, "fields": {"tag": 2, "content_type": 10, "object_id": 16}}, {"model": "taggit.taggeditem", "pk": 48, "fields": {"tag": 3, "content_type": 10, "object_id": 16}}, {"model": "taggit.taggeditem", "pk": 49, "fields": {"tag": 1, "content_type": 10, "object_id": 17}}, {"model": "taggit.taggeditem", "pk": 50, "fields": {"tag": 2, "content_type": 10, "object_id": 17}}, {"model": "taggit.taggeditem", "pk": 51, "fields": {"tag": 3, "content_type": 10, "object_id": 17}}, {"model": "taggit.taggeditem", "pk": 52, "fields": {"tag": 1, "content_type": 10, "object_id": 18}}, {"model": "taggit.taggeditem", "pk": 53, "fields": {"tag": 2, "content_type": 10, "object_id": 18}}, {"model": "taggit.taggeditem", "pk": 54, "fields": {"tag": 3, "content_type": 10, "object_id": 18}}, {"model": "taggit.taggeditem", "pk": 55, "fields": {"tag": 1, "content_type": 10, "object_id": 19}}, {"model": "taggit.taggeditem", "pk": 56, "fields": {"tag": 2, "content_type": 10, "object_id": 19}}, {"model": "taggit.taggeditem", "pk": 57, "fields": {"tag": 3, "content_type": 10, "object_id": 19}}, {"model": "taggit.taggeditem", "pk": 58, "fields": {"tag": 1, "content_type": 10, "object_id": 20}}, {"model": "taggit.taggeditem", "pk": 59, "fields": {"tag": 2, "content_type": 10, "object_id": 20}}, {"model": "taggit.taggeditem", "pk": 60, "fields": {"tag": 3, "content_type": 10, "object_id": 20}}, {"model": "taggit.taggeditem", "pk": 61, "fields": {"tag": 1, "content_type": 10, "object_id": 21}}, {"model": "taggit.taggeditem", "pk": 62, "fields": {"tag": 2, "content_type": 10, "object_id": 21}}, {"model": "taggit.taggeditem", "pk": 63, "fields": {"tag": 3, "content_type": 10, "object_id": 21}}, {"model": "core.category", "pk": 6, "fields": {"cid": "catgdhhha43h5", "title": "Fruits", "image": "category/thumbnail-12_zqMnj6Z.jpg"}}, {"model": "core.category", "pk": 7, "fields": {"cid": "cat15d3d3h3g5", "title": "Milk & Dairies", "image": "category/product-12-1.jpg"}}, {"model": "core.category", "pk": 9, "fields": {"cid": "cat41cedhgfg4", "title": "Vegetables", "image": "category/product-15-1.jpg"}}, {"model": "core.category", "pk": 10, "fields": {"cid": "cataca5hcg4b4", "title": "Food", "image": "category/product-3-1.jpg"}}, {"model": "core.category", "pk": 12, "fields": {"cid": "catfdh43g5geh", "title": "Clothing & Beauty", "image": "category/about-6.png"}}, {"model": "core.category", "pk": 13, "fields": {"cid": "cat5a5ed521fa", "title": "Bread & Juice", "image": "category/product-14-1_3PzCbDP.jpg"}}, {"model": "core.category", "pk": 14, "fields": {"cid": "catg2fc53ef1a", "title": "Pet Food & Toys", "image": "category/product-4-1.jpg"}}, {"model": "core.category", "pk": 15, "fields": {"cid": "catf1af52dged", "title": "Fast Food", "image": "category/product-6-1.jpg"}}, {"model": "core.vendor", "pk": 1, "fields": {"vid": "veng3da214hg1", "title": "emmanuel", "image": "user_1/_DSC71170_cTuK8sF.jpg", "cover_image": "user_1/vendor-header-bg.png", "description": "I am an amazing vendor", "address": "123 Main Street.", "contact": "+254 (703) 551 728", "chat_resp_time": "100", "shipping_on_time": "100", "authentic_rating": "100", "days_return": "100", "warranty_period": "100", "user": 1, "date": "2024-11-09T17:39:46.942Z"}}, {"model": "core.vendor", "pk": 2, "fields": {"vid": "ven1bhdeg245g", "title": "talene", "image": "user_2/_DSC71170.jpg", "cover_image": "user_2/vendor-header-bg.png", "description": "I am an amazing vendor", "address": "123 Main Street.", "contact": "+254 (703) 551 728", "chat_resp_time": "100", "shipping_on_time": "100", "authentic_rating": "100", "days_return": "100", "warranty_period": "100", "user": 2, "date": "2024-11-09T17:39:46.942Z"}}, {"model": "core.vendor", "pk": 3, "fields": {"vid": "venff2dchefg4", "title": "dhillon", "image": "user_3/_DSC7170.jpg", "cover_image": "user_3/vendor-header-bg.png", "description": "I am an amazing vendor", "address": "123 Main Street.", "contact": "+254 (703) 551 728", "chat_resp_time": "100", "shipping_on_time": "100", "authentic_rating": "100", "days_return": "100", "warranty_period": "100", "user": 3, "date": "2024-11-09T17:39:46.942Z"}}, {"model": "core.vendor", "pk": 4, "fields": {"vid": "ven35babffefh", "title": "sheila", "image": "user_4/product-5-1.jpg", "cover_image": "user_4/vendor-header-bg.png", "description": "I am an amazing vendor", "address": "123 Main Street.", "contact": "+254 (703) 551 728", "chat_resp_time": "100", "shipping_on_time": "100", "authentic_rating": "100", "days_return": "100", "warranty_period": "100", "user": 4, "date": "2024-11-09T17:39:46.942Z"}}, {"model": "core.vendor", "pk": 5, "fields": {"vid": "veneechbh4afg", "title": "bismarck", "image": "user_10/product-11-2.jpg", "cover_image": "user_10/vendor-header-bg.png", "description": "I am an amazing vendor", "address": "123 Main Street.", "contact": "+254 (703) 551 728", "chat_resp_time": "100", "shipping_on_time": "100", "authentic_rating": "100", "days_return": "100", "warranty_period": "100", "user": 10, "date": "2024-11-11T11:16:48.351Z"}}, {"model": "core.vendor", "pk": 6, "fields": {"vid": "veng2h4ha21bb", "title": "divina chesista", "image": "user_17/vendor-2.png", "cover_image": "user_17/vendor-header-bg.png", "description": "<p>I am an amazing vendor</p>", "address": "123 Main Street.", "contact": "+254 (703) 551 728", "chat_resp_time": "100", "shipping_on_time": "100", "authentic_rating": "100", "days_return": "100", "warranty_period": "100", "user": 17, "date": "2024-11-15T09:37:42.222Z"}}, {"model": "core.vendor", "pk": 7, "fields": {"vid": "vend53a1gdfah", "title": "cossy", "image": "user_14/vendor-7.png", "cover_image": "user_14/vendor-header-bg.png", "description": "<p>I am an amazing vendor</p>", "address": "123 Main Street.", "contact": "+254 (703) 551 728", "chat_resp_time": "100", "shipping_on_time": "100", "authentic_rating": "100", "days_return": "100", "warranty_period": "100", "user": 14, "date": "2024-11-16T16:29:35.105Z"}}, {"model": "core.vendor", "pk": 8, "fields": {"vid": "ven4g33h25ge4", "title": "dennis", "image": "user_11/vendor-10.png", "cover_image": "user_11/vendor-header-bg.png", "description": "<p>I am an amazing vendor</p>", "address": "123 Main Street.", "contact": "+254 (703) 551 728", "chat_resp_time": "100", "shipping_on_time": "100", "authentic_rating": "100", "days_return": "100", "warranty_period": "100", "user": 11, "date": "2024-11-16T16:38:20.407Z"}}, {"model": "core.product", "pk": 1, "fields": {"pid": "1hdca4db5g", "user": 1, "category": 6, "vendor": 1, "title": "bannanas", "image": "user_1/thumbnail-4_dEAFTh8.jpg", "description": "This are bananas", "price": "1.99", "old_price": "2.99", "specifications": "", "type": "Organic", "stock_count": "10", "life": "100 Days", "mfd": null, "product_status": "published", "status": true, "in_stock": true, "featured": true, "digital": false, "sku": "sku1031", "date": "2024-11-09T13:26:47.362Z", "updated": null}}, {"model": "core.product", "pk": 2, "fields": {"pid": "34bg31afc1", "user": 2, "category": 6, "vendor": 2, "title": "Fresh Pear", "image": "user_2/thumbnail-11.jpg", "description": "<p>This are fresh pears.This are fresh pears.This are fresh pears. This are fresh pears. This are fresh pears. This are fresh pears. This are fresh pears. This are fresh pears.This are fresh pears. This are fresh pears. This are fresh pears.</p>", "price": "1.99", "old_price": "2.99", "specifications": "", "type": "Organic", "stock_count": "10", "life": "100 Days", "mfd": "2024-11-04T17:43:54Z", "product_status": "published", "status": true, "in_stock": true, "featured": true, "digital": false, "sku": "sku8687", "date": "2024-11-09T13:28:45.883Z", "updated": null}}, {"model": "core.product", "pk": 3, "fields": {"pid": "a5b3cecc44", "user": 3, "category": 9, "vendor": 3, "title": "carrots", "image": "user_3/thumbnail-1.jpg", "description": "This is fresh carrots", "price": "1.00", "old_price": "2.99", "specifications": "", "type": "Organic", "stock_count": "10", "life": "100 Days", "mfd": null, "product_status": "published", "status": true, "in_stock": true, "featured": true, "digital": false, "sku": "sku4118", "date": "2024-11-09T13:44:31.119Z", "updated": null}}, {"model": "core.product", "pk": 4, "fields": {"pid": "4e4g3314c5", "user": 3, "category": 9, "vendor": 3, "title": "beef", "image": "user_3/product-5-1.jpg", "description": "This is the perfect product", "price": "1.00", "old_price": "2.99", "specifications": "", "type": "Organic", "stock_count": "10", "life": "100 Days", "mfd": null, "product_status": "in_review", "status": true, "in_stock": true, "featured": true, "digital": false, "sku": "sku6544", "date": "2024-11-09T13:56:20.215Z", "updated": null}}, {"model": "core.product", "pk": 5, "fields": {"pid": "h1122f2afb", "user": 1, "category": 10, "vendor": 1, "title": "fresh ingredients", "image": "user_1/product-16-7.jpg", "description": "This is the best ingredient product", "price": "1.99", "old_price": "2.99", "specifications": "", "type": "Organic", "stock_count": "10", "life": "100 Days", "mfd": null, "product_status": "published", "status": true, "in_stock": true, "featured": true, "digital": false, "sku": "sku4777", "date": "2024-11-09T14:35:18.297Z", "updated": null}}, {"model": "core.product", "pk": 6, "fields": {"pid": "132c5b1ahh", "user": 4, "category": 10, "vendor": 4, "title": "Maize", "image": "user_4/thumbnail-9.jpg", "description": "This is the best maize in the market", "price": "1.00", "old_price": "2.00", "specifications": "", "type": "Organic", "stock_count": "10", "life": "100 Days", "mfd": "2024-11-04T17:34:33Z", "product_status": "published", "status": true, "in_stock": true, "featured": true, "digital": false, "sku": "sku9590", "date": "2024-11-09T17:57:20.879Z", "updated": null}}, {"model": "core.product", "pk": 7, "fields": {"pid": "ddgah5fega", "user": 10, "category": 6, "vendor": 5, "title": "Fresh Pineapples", "image": "user_10/thumbnail-3.jpg", "description": "<p>This is the Fresh Pineapples.</p>", "price": "3.99", "old_price": "4.99", "specifications": "", "type": "Organic", "stock_count": "10", "life": "100 Days", "mfd": "2024-11-03T11:17:58Z", "product_status": "published", "status": true, "in_stock": true, "featured": true, "digital": false, "sku": "sku9780", "date": "2024-11-11T11:18:13.868Z", "updated": null}}, {"model": "core.product", "pk": 8, "fields": {"pid": "gcg3hfe532", "user": 1, "category": 6, "vendor": 1, "title": "Fresh Orange", "image": "user_1/thumbnail-12_QJ0u0re.jpg", "description": "<p>This is the&nbsp;Fresh Oranges.</p>", "price": "1.99", "old_price": "2.99", "specifications": "<p>This is the&nbsp;Fresh Pear.&nbsp;</p>", "type": "Organic", "stock_count": "10", "life": "100 Days", "mfd": "2024-11-03T06:09:29Z", "product_status": "published", "status": true, "in_stock": true, "featured": true, "digital": false, "sku": "sku6130", "date": "2024-11-12T06:09:42.643Z", "updated": null}}, {"model": "core.product", "pk": 9, "fields": {"pid": "321323e45b", "user": 17, "category": 7, "vendor": 6, "title": "Fresh Milk", "image": "user_17/product-11-2.jpg", "description": "<p>This is the&nbsp; fresh product in the market.</p>", "price": "2.01", "old_price": "2.99", "specifications": "", "type": "Organic", "stock_count": "10", "life": "100 Days", "mfd": "2024-11-03T09:39:21Z", "product_status": "published", "status": true, "in_stock": true, "featured": true, "digital": false, "sku": "sku0204", "date": "2024-11-15T09:39:44.096Z", "updated": null}}, {"model": "core.product", "pk": 10, "fields": {"pid": "cc24cc121f", "user": 15, "category": 6, "vendor": 4, "title": "Fresh  gripes", "image": "user_15/thumbnail-10.jpg", "description": "<p>This is the best gripes in the market.</p>", "price": "1.83", "old_price": "2.99", "specifications": "", "type": "Organic", "stock_count": "10", "life": "100 Days", "mfd": "2024-11-03T08:47:50Z", "product_status": "published", "status": true, "in_stock": true, "featured": true, "digital": false, "sku": "sku7358", "date": "2024-11-15T08:48:00.170Z", "updated": null}}, {"model": "core.product", "pk": 11, "fields": {"pid": "1be3f2ceh3", "user": 9, "category": 9, "vendor": 5, "title": "Fresh cabbage seed", "image": "user_9/product-15-1.jpg", "description": "<p>This is the product for&nbsp;Fresh cabbage seed.</p>", "price": "1.99", "old_price": "2.99", "specifications": "", "type": "Organic", "stock_count": "10", "life": "100 Days", "mfd": null, "product_status": "published", "status": true, "in_stock": true, "featured": true, "digital": false, "sku": "sku0292", "date": "2024-11-15T08:49:55.195Z", "updated": null}}, {"model": "core.product", "pk": 12, "fields": {"pid": "hgc2cfe5bd", "user": 7, "category": 10, "vendor": 3, "title": "beef  food", "image": "user_7/product-2-1.jpg", "description": "<p>This is the fast beef &nbsp;food product.</p>", "price": "4.04", "old_price": "7.99", "specifications": "", "type": "Organic", "stock_count": "10", "life": "100 Days", "mfd": "2024-11-04T08:53:07Z", "product_status": "published", "status": true, "in_stock": true, "featured": true, "digital": false, "sku": "sku4149", "date": "2024-11-15T08:53:16.042Z", "updated": null}}, {"model": "core.product", "pk": 13, "fields": {"pid": "3adadd3d32", "user": 1, "category": 6, "vendor": 2, "title": "Fresh Honey", "image": "user_1/product-7-2.jpg", "description": "<p>This is the Fresh Honey product.</p>", "price": "10.99", "old_price": "20.99", "specifications": "", "type": "Organic", "stock_count": "10", "life": "100 Days", "mfd": null, "product_status": "published", "status": true, "in_stock": true, "featured": true, "digital": false, "sku": "sku0626", "date": "2024-11-15T08:54:49.068Z", "updated": null}}, {"model": "core.product", "pk": 14, "fields": {"pid": "d3bafb1b25", "user": 4, "category": 7, "vendor": 1, "title": "Fresh yoghurt", "image": "user_4/product-6-1.jpg", "description": "<p>This is the Fresh yoghurt product.</p>", "price": "4.99", "old_price": "8.99", "specifications": "", "type": "Organic", "stock_count": "10", "life": "100 Days", "mfd": null, "product_status": "published", "status": true, "in_stock": true, "featured": true, "digital": false, "sku": "sku2976", "date": "2024-11-15T08:56:42.348Z", "updated": null}}, {"model": "core.product", "pk": 15, "fields": {"pid": "2124gh1e2c", "user": 5, "category": 7, "vendor": 4, "title": "Fresh Orange Drink", "image": "user_5/product-14-1.jpg", "description": "<p>This is the&nbsp;Fresh Orange Drink product.</p>", "price": "1.99", "old_price": "2.99", "specifications": "", "type": "Organic", "stock_count": "10", "life": "100 Days", "mfd": null, "product_status": "published", "status": true, "in_stock": true, "featured": true, "digital": false, "sku": "sku8573", "date": "2024-11-15T08:58:07.999Z", "updated": null}}, {"model": "core.product", "pk": 16, "fields": {"pid": "4e2353412g", "user": 14, "category": 7, "vendor": 7, "title": "Fresh milk", "image": "user_14/product-8-1.jpg", "description": "<p>This is the&nbsp; Fresh milk product</p>", "price": "3.99", "old_price": "5.99", "specifications": "", "type": "Organic", "stock_count": "10", "life": "100 Days", "mfd": "2024-11-05T16:34:51Z", "product_status": "published", "status": true, "in_stock": true, "featured": true, "digital": false, "sku": "sku8283", "date": "2024-11-16T16:35:00.177Z", "updated": null}}, {"model": "core.product", "pk": 17, "fields": {"pid": "11b44a5g3a", "user": 10, "category": 6, "vendor": 5, "title": "Fresh Mango", "image": "user_10/thumbnail-7.jpg", "description": "<p>This is the&nbsp;Fresh Mango product</p>", "price": "2.00", "old_price": "5.99", "specifications": "", "type": "Organic", "stock_count": "10", "life": "100 Days", "mfd": "2024-11-03T16:36:49Z", "product_status": "published", "status": true, "in_stock": true, "featured": true, "digital": false, "sku": "sku1141", "date": "2024-11-16T16:37:00.289Z", "updated": null}}, {"model": "core.product", "pk": 18, "fields": {"pid": "fgd2c5f421", "user": 11, "category": 9, "vendor": 8, "title": "Fresh Tomatoes", "image": "user_11/thumbnail-2.jpg", "description": "<p>This is the Fresh Tomatoes product.</p>", "price": "1.99", "old_price": "2.99", "specifications": "", "type": "Organic", "stock_count": "10", "life": "100 Days", "mfd": "2024-11-13T16:39:49Z", "product_status": "published", "status": true, "in_stock": true, "featured": true, "digital": false, "sku": "sku2001", "date": "2024-11-16T16:39:58.866Z", "updated": null}}, {"model": "core.product", "pk": 19, "fields": {"pid": "ccebe12fe1", "user": 1, "category": 10, "vendor": 1, "title": "Fresh coffee", "image": "user_1/product-11-1.jpg", "description": "<p>This is the Fresh coffee product</p>", "price": "3.00", "old_price": "5.99", "specifications": "", "type": "Organic", "stock_count": "10", "life": "100 Days", "mfd": "2024-11-29T16:41:27Z", "product_status": "published", "status": true, "in_stock": true, "featured": true, "digital": false, "sku": "sku4836", "date": "2024-11-16T16:41:38.070Z", "updated": null}}, {"model": "core.product", "pk": 20, "fields": {"pid": "2b5b52fce1", "user": 3, "category": 10, "vendor": 3, "title": "Fresh Honey", "image": "user_3/product-7-1.jpg", "description": "<p>This is the Fresh Honey product.</p>", "price": "2.05", "old_price": "2.99", "specifications": "", "type": "Organic", "stock_count": "10", "life": "100 Days", "mfd": "2024-11-13T16:42:42Z", "product_status": "published", "status": true, "in_stock": true, "featured": true, "digital": false, "sku": "sku3372", "date": "2024-11-16T16:42:51.124Z", "updated": null}}, {"model": "core.product", "pk": 21, "fields": {"pid": "g11a2a14ba", "user": 4, "category": 10, "vendor": 4, "title": "Tomato source", "image": "user_4/product-13-1.jpg", "description": "<p>This is the&nbsp;Tomato source product.</p>", "price": "9.99", "old_price": "10.99", "specifications": "", "type": "Organic", "stock_count": "10", "life": "100 Days", "mfd": "2024-11-30T16:44:45Z", "product_status": "published", "status": true, "in_stock": true, "featured": true, "digital": false, "sku": "sku8043", "date": "2024-11-16T16:44:55.131Z", "updated": null}}, {"model": "core.productimages", "pk": 1, "fields": {"images": "product-images/thumbnail-9.jpg", "product": 2, "date": "2024-11-09T18:08:59.343Z"}}, {"model": "core.productimages", "pk": 2, "fields": {"images": "product-images/thumbnail-6.jpg", "product": 2, "date": "2024-11-09T18:08:59.346Z"}}, {"model": "core.productimages", "pk": 3, "fields": {"images": "product-images/thumbnail-7.jpg", "product": 2, "date": "2024-11-09T18:08:59.374Z"}}, {"model": "core.productimages", "pk": 4, "fields": {"images": "product-images/product-9-1.jpg", "product": 9, "date": "2024-11-15T09:41:00.750Z"}}, {"model": "core.productimages", "pk": 5, "fields": {"images": "product-images/product-1-1.jpg", "product": 9, "date": "2024-11-15T09:41:00.753Z"}}, {"model": "core.productimages", "pk": 6, "fields": {"images": "product-images/product-6-2.jpg", "product": 9, "date": "2024-11-15T09:41:00.756Z"}}, {"model": "core.productimages", "pk": 7, "fields": {"images": "product-images/thumbnail-2.jpg", "product": 8, "date": "2024-11-15T08:42:58.091Z"}}, {"model": "core.productimages", "pk": 8, "fields": {"images": "product-images/thumbnail-11.jpg", "product": 8, "date": "2024-11-15T08:42:58.094Z"}}, {"model": "core.productimages", "pk": 9, "fields": {"images": "product-images/thumbnail-1.jpg", "product": 8, "date": "2024-11-15T08:42:58.097Z"}}, {"model": "core.productimages", "pk": 10, "fields": {"images": "product-images/thumbnail-12.jpg", "product": 7, "date": "2024-11-15T08:43:47.932Z"}}, {"model": "core.productimages", "pk": 11, "fields": {"images": "product-images/thumbnail-10.jpg", "product": 7, "date": "2024-11-15T08:43:47.935Z"}}, {"model": "core.productimages", "pk": 12, "fields": {"images": "product-images/thumbnail-4.jpg", "product": 7, "date": "2024-11-15T08:43:47.937Z"}}, {"model": "core.cartorder", "pk": 63, "fields": {"user": 1, "full_name": "Emmanuel kiptum", "email": "manukipz024@gmail.com", "phone": "0703551728", "address": "180-30600", "city": "KAPENGURIA", "state": "rift valley", "country": "Kenya", "price": "12.95", "saved": "0.00", "shipping_method": null, "tracking_id": null, "tracking_website_address": null, "paid_status": false, "order_date": "2024-11-14T06:29:09.799Z", "product_status": "processing", "sku": "SKU15149", "oid": "14813953", "stripe_payment_intent": null, "date": "2024-11-14T06:29:09.798Z", "coupons": []}}, {"model": "core.cartorder", "pk": 64, "fields": {"user": 1, "full_name": "Emmanuel kiptum", "email": "manukipz024@gmail.com", "phone": "0703551728", "address": "180-30600", "city": "KAPENGURIA", "state": "rift valley", "country": "Kenya", "price": "11.66", "saved": "1.30", "shipping_method": null, "tracking_id": null, "tracking_website_address": null, "paid_status": false, "order_date": "2024-11-14T22:32:19.649Z", "product_status": "processing", "sku": "SKU49487", "oid": "69692150", "stripe_payment_intent": "cs_test_a1su0Kr9yg5fCOR2yjzuPlEVZancdBDuexTMVVN7qCCw9sEYyu7O13GklG", "date": "2024-11-14T22:32:19.648Z", "coupons": [1]}}, {"model": "core.cartorder", "pk": 65, "fields": {"user": 1, "full_name": "Emmanuel", "email": "kiptummeri@gmail.com", "phone": "0703551728", "address": "", "city": "", "state": "", "country": "", "price": "5.98", "saved": "0.00", "shipping_method": null, "tracking_id": null, "tracking_website_address": null, "paid_status": false, "order_date": "2024-11-15T09:32:38.319Z", "product_status": "processing", "sku": "SKU53720", "oid": "70887420", "stripe_payment_intent": "cs_test_a1BjebHrAhOZNZqbztSi1u3d44JRuL4PpJaCEZD9rQsjOZcBaPgdtgf2LR", "date": "2024-11-15T09:32:38.318Z", "coupons": []}}, {"model": "core.cartorder", "pk": 66, "fields": {"user": 17, "full_name": "Divina Chesista", "email": "divina@gmail.com", "phone": "None", "address": "", "city": "", "state": "", "country": "", "price": "17.94", "saved": "0.00", "shipping_method": null, "tracking_id": null, "tracking_website_address": null, "paid_status": true, "order_date": "2024-11-15T08:57:07.545Z", "product_status": "shipped", "sku": "SKU45344", "oid": "64054291", "stripe_payment_intent": "cs_test_a1jDqeOyS9qlmTusNuVJthrcEJhFrImgKiEQ6MVCDWtSJEpObNj8vSG9GK", "date": "2024-11-15T08:57:07.545Z", "coupons": []}}, {"model": "core.cartorder", "pk": 67, "fields": {"user": 1, "full_name": "Emmanuel", "email": "kiptummeri@gmail.com", "phone": "0703551728", "address": null, "city": null, "state": null, "country": null, "price": "25.93", "saved": "0.00", "shipping_method": null, "tracking_id": null, "tracking_website_address": null, "paid_status": false, "order_date": "2024-10-01T09:23:16Z", "product_status": "processing", "sku": "SKU06323", "oid": "19516342", "stripe_payment_intent": null, "date": "2024-11-15T09:23:16Z", "coupons": []}}, {"model": "core.cartorder", "pk": 68, "fields": {"user": 1, "full_name": "Emmanuel", "email": "kiptummeri@gmail.com", "phone": "0703551728", "address": null, "city": null, "state": null, "country": null, "price": "24.00", "saved": "0.00", "shipping_method": null, "tracking_id": null, "tracking_website_address": null, "paid_status": false, "order_date": "2024-10-15T09:30:44Z", "product_status": "processing", "sku": "SKU90999", "oid": "63461963", "stripe_payment_intent": null, "date": "2024-11-15T09:30:44Z", "coupons": []}}, {"model": "core.cartorder", "pk": 69, "fields": {"user": 18, "full_name": "Stanley Kibor", "email": "stanley@gmail.com", "phone": "None", "address": null, "city": null, "state": null, "country": null, "price": "22.01", "saved": "0.00", "shipping_method": null, "tracking_id": null, "tracking_website_address": null, "paid_status": false, "order_date": "2024-10-13T09:33:04Z", "product_status": "processing", "sku": "SKU64325", "oid": "75741771", "stripe_payment_intent": null, "date": "2024-11-15T09:33:04Z", "coupons": []}}, {"model": "core.cartorder", "pk": 70, "fields": {"user": 18, "full_name": "stanley kibor", "email": "stanley@gmail.com", "phone": "0703551728", "address": "180-30600", "city": "KAPENGURIA", "state": "rift valley", "country": "Kenya", "price": "22.01", "saved": "0.00", "shipping_method": null, "tracking_id": null, "tracking_website_address": null, "paid_status": false, "order_date": "2024-09-08T09:34:03Z", "product_status": "processing", "sku": "SKU10232", "oid": "24220914", "stripe_payment_intent": null, "date": "2024-11-15T09:34:03Z", "coupons": []}}, {"model": "core.cartorder", "pk": 71, "fields": {"user": 1, "full_name": "Emmanuel", "email": "kiptummeri@gmail.com", "phone": "0703551728", "address": null, "city": null, "state": null, "country": null, "price": "13.95", "saved": "0.00", "shipping_method": null, "tracking_id": null, "tracking_website_address": null, "paid_status": false, "order_date": "2024-09-02T16:31:24Z", "product_status": "processing", "sku": "SKU45837", "oid": "46974800", "stripe_payment_intent": "cs_test_a1As7rA63UQ6p4D48aWg9CCEE2l5UCgUkBg7M2gl9pbmhaHO6e1zyZK5er", "date": "2024-11-16T16:31:24Z", "coupons": []}}, {"model": "core.cartorderproducts", "pk": 172, "fields": {"order": 63, "invoice_no": "INVOICE_NO-63", "product_status": "", "item": "Fresh Pear", "image": "/media/user_1/thumbnail-6.jpg", "qty": 1, "price": "1.99", "total": "1.99"}}, {"model": "core.cartorderproducts", "pk": 173, "fields": {"order": 63, "invoice_no": "INVOICE_NO-63", "product_status": "", "item": "Fresh Pineapples", "image": "/media/user_10/thumbnail-3.jpg", "qty": 1, "price": "3.99", "total": "3.99"}}, {"model": "core.cartorderproducts", "pk": 174, "fields": {"order": 63, "invoice_no": "INVOICE_NO-63", "product_status": "", "item": "Maize", "image": "/media/user_4/thumbnail-9.jpg", "qty": 1, "price": "1.00", "total": "1.00"}}, {"model": "core.cartorderproducts", "pk": 175, "fields": {"order": 63, "invoice_no": "INVOICE_NO-63", "product_status": "", "item": "bannanas", "image": "/media/user_1/thumbnail-4_dEAFTh8.jpg", "qty": 3, "price": "1.99", "total": "5.97"}}, {"model": "core.cartorderproducts", "pk": 176, "fields": {"order": 64, "invoice_no": "INVOICE_NO-64", "product_status": "", "item": "Fresh Pear", "image": "/media/user_1/thumbnail-6.jpg", "qty": 1, "price": "1.99", "total": "1.99"}}, {"model": "core.cartorderproducts", "pk": 177, "fields": {"order": 64, "invoice_no": "INVOICE_NO-64", "product_status": "", "item": "Fresh Pineapples", "image": "/media/user_10/thumbnail-3.jpg", "qty": 1, "price": "3.99", "total": "3.99"}}, {"model": "core.cartorderproducts", "pk": 178, "fields": {"order": 64, "invoice_no": "INVOICE_NO-64", "product_status": "", "item": "Maize", "image": "/media/user_4/thumbnail-9.jpg", "qty": 1, "price": "1.00", "total": "1.00"}}, {"model": "core.cartorderproducts", "pk": 179, "fields": {"order": 64, "invoice_no": "INVOICE_NO-64", "product_status": "", "item": "bannanas", "image": "/media/user_1/thumbnail-4_dEAFTh8.jpg", "qty": 3, "price": "1.99", "total": "5.97"}}, {"model": "core.cartorderproducts", "pk": 180, "fields": {"order": 65, "invoice_no": "INVOICE_NO-65", "product_status": "", "item": "Fresh Pear", "image": "/media/user_1/thumbnail-6.jpg", "qty": 1, "price": "1.99", "total": "1.99"}}, {"model": "core.cartorderproducts", "pk": 181, "fields": {"order": 65, "invoice_no": "INVOICE_NO-65", "product_status": "", "item": "Fresh Pineapples", "image": "/media/user_10/thumbnail-3.jpg", "qty": 1, "price": "3.99", "total": "3.99"}}, {"model": "core.cartorderproducts", "pk": 182, "fields": {"order": 66, "invoice_no": "INVOICE_NO-66", "product_status": "", "item": "Maize", "image": "/media/user_4/thumbnail-9.jpg", "qty": 4, "price": "1.00", "total": "4.00"}}, {"model": "core.cartorderproducts", "pk": 183, "fields": {"order": 66, "invoice_no": "INVOICE_NO-66", "product_status": "", "item": "fresh ingredients", "image": "/media/user_1/product-16-7.jpg", "qty": 3, "price": "1.99", "total": "5.97"}}, {"model": "core.cartorderproducts", "pk": 184, "fields": {"order": 66, "invoice_no": "INVOICE_NO-66", "product_status": "", "item": "Fresh Pineapples", "image": "/media/user_10/thumbnail-3.jpg", "qty": 1, "price": "3.99", "total": "3.99"}}, {"model": "core.cartorderproducts", "pk": 185, "fields": {"order": 66, "invoice_no": "INVOICE_NO-66", "product_status": "", "item": "Fresh Pear", "image": "/media/user_2/thumbnail-11.jpg", "qty": 1, "price": "1.99", "total": "1.99"}}, {"model": "core.cartorderproducts", "pk": 186, "fields": {"order": 66, "invoice_no": "INVOICE_NO-66", "product_status": "", "item": "bannanas", "image": "/media/user_1/thumbnail-4_dEAFTh8.jpg", "qty": 1, "price": "1.99", "total": "1.99"}}, {"model": "core.cartorderproducts", "pk": 187, "fields": {"order": 67, "invoice_no": "INVOICE_NO-67", "product_status": "", "item": "Fresh Orange Drink", "image": "/media/user_5/product-14-1.jpg", "qty": 3, "price": "1.99", "total": "5.97"}}, {"model": "core.cartorderproducts", "pk": 188, "fields": {"order": 67, "invoice_no": "INVOICE_NO-67", "product_status": "", "item": "Fresh yoghurt", "image": "/media/user_4/product-6-1.jpg", "qty": 4, "price": "4.99", "total": "19.96"}}, {"model": "core.cartorderproducts", "pk": 189, "fields": {"order": 68, "invoice_no": "INVOICE_NO-68", "product_status": "", "item": "Fresh Orange Drink", "image": "/media/user_5/product-14-1.jpg", "qty": 2, "price": "1.99", "total": "3.98"}}, {"model": "core.cartorderproducts", "pk": 190, "fields": {"order": 68, "invoice_no": "INVOICE_NO-68", "product_status": "", "item": "Fresh yoghurt", "image": "/media/user_4/product-6-1.jpg", "qty": 1, "price": "4.99", "total": "4.99"}}, {"model": "core.cartorderproducts", "pk": 191, "fields": {"order": 68, "invoice_no": "INVOICE_NO-68", "product_status": "", "item": "Fresh Honey", "image": "/media/user_1/product-7-1.jpg", "qty": 1, "price": "10.99", "total": "10.99"}}, {"model": "core.cartorderproducts", "pk": 192, "fields": {"order": 68, "invoice_no": "INVOICE_NO-68", "product_status": "", "item": "beef  food", "image": "/media/user_7/product-2-1.jpg", "qty": 1, "price": "4.04", "total": "4.04"}}, {"model": "core.cartorderproducts", "pk": 193, "fields": {"order": 69, "invoice_no": "INVOICE_NO-69", "product_status": "", "item": "Fresh Orange Drink", "image": "/media/user_5/product-14-1.jpg", "qty": 1, "price": "1.99", "total": "1.99"}}, {"model": "core.cartorderproducts", "pk": 194, "fields": {"order": 69, "invoice_no": "INVOICE_NO-69", "product_status": "", "item": "Fresh yoghurt", "image": "/media/user_4/product-6-1.jpg", "qty": 1, "price": "4.99", "total": "4.99"}}, {"model": "core.cartorderproducts", "pk": 195, "fields": {"order": 69, "invoice_no": "INVOICE_NO-69", "product_status": "", "item": "Fresh Honey", "image": "/media/user_1/product-7-1.jpg", "qty": 1, "price": "10.99", "total": "10.99"}}, {"model": "core.cartorderproducts", "pk": 196, "fields": {"order": 69, "invoice_no": "INVOICE_NO-69", "product_status": "", "item": "beef  food", "image": "/media/user_7/product-2-1.jpg", "qty": 1, "price": "4.04", "total": "4.04"}}, {"model": "core.cartorderproducts", "pk": 197, "fields": {"order": 70, "invoice_no": "INVOICE_NO-70", "product_status": "", "item": "Fresh Orange Drink", "image": "/media/user_5/product-14-1.jpg", "qty": 1, "price": "1.99", "total": "1.99"}}, {"model": "core.cartorderproducts", "pk": 198, "fields": {"order": 70, "invoice_no": "INVOICE_NO-70", "product_status": "", "item": "Fresh yoghurt", "image": "/media/user_4/product-6-1.jpg", "qty": 1, "price": "4.99", "total": "4.99"}}, {"model": "core.cartorderproducts", "pk": 199, "fields": {"order": 70, "invoice_no": "INVOICE_NO-70", "product_status": "", "item": "Fresh Honey", "image": "/media/user_1/product-7-1.jpg", "qty": 1, "price": "10.99", "total": "10.99"}}, {"model": "core.cartorderproducts", "pk": 200, "fields": {"order": 70, "invoice_no": "INVOICE_NO-70", "product_status": "", "item": "beef  food", "image": "/media/user_7/product-2-1.jpg", "qty": 1, "price": "4.04", "total": "4.04"}}, {"model": "core.cartorderproducts", "pk": 201, "fields": {"order": 71, "invoice_no": "INVOICE_NO-71", "product_status": "", "item": "Fresh Orange Drink", "image": "/media/user_5/product-14-1.jpg", "qty": 2, "price": "1.99", "total": "3.98"}}, {"model": "core.cartorderproducts", "pk": 202, "fields": {"order": 71, "invoice_no": "INVOICE_NO-71", "product_status": "", "item": "Fresh yoghurt", "image": "/media/user_4/product-6-1.jpg", "qty": 1, "price": "4.99", "total": "4.99"}}, {"model": "core.cartorderproducts", "pk": 203, "fields": {"order": 71, "invoice_no": "INVOICE_NO-71", "product_status": "", "item": "carrots", "image": "/media/user_3/thumbnail-1.jpg", "qty": 1, "price": "1.00", "total": "1.00"}}, {"model": "core.cartorderproducts", "pk": 204, "fields": {"order": 71, "invoice_no": "INVOICE_NO-71", "product_status": "", "item": "Fresh Pear", "image": "/media/user_2/thumbnail-11.jpg", "qty": 1, "price": "1.99", "total": "1.99"}}, {"model": "core.cartorderproducts", "pk": 205, "fields": {"order": 71, "invoice_no": "INVOICE_NO-71", "product_status": "", "item": "bannanas", "image": "/media/user_1/thumbnail-4_dEAFTh8.jpg", "qty": 1, "price": "1.99", "total": "1.99"}}, {"model": "core.productreview", "pk": 1, "fields": {"user": 1, "product": 1, "review": "perfect", "rating": 5, "date": "2024-11-09T13:30:13.817Z"}}, {"model": "core.productreview", "pk": 2, "fields": {"user": 2, "product": 2, "review": "cool", "rating": 4, "date": "2024-11-09T13:30:31.224Z"}}, {"model": "core.productreview", "pk": 3, "fields": {"user": 3, "product": 1, "review": "excellent", "rating": 4, "date": "2024-11-09T13:30:56.662Z"}}, {"model": "core.productreview", "pk": 6, "fields": {"user": 1, "product": 2, "review": "perfect and fresh", "rating": 5, "date": "2024-11-12T14:53:32.153Z"}}, {"model": "core.productreview", "pk": 8, "fields": {"user": 1, "product": 2, "review": "amazing", "rating": 5, "date": "2024-11-12T15:05:28.441Z"}}, {"model": "core.productreview", "pk": 9, "fields": {"user": 1, "product": 6, "review": "fresh and good ", "rating": 4, "date": "2024-11-12T15:08:14.742Z"}}, {"model": "core.wishlist_model", "pk": 24, "fields": {"user": 1, "product": 2, "date": "2024-11-14T06:29:34.649Z"}}, {"model": "core.wishlist_model", "pk": 25, "fields": {"user": 16, "product": 8, "date": "2024-11-14T05:47:16.874Z"}}, {"model": "core.wishlist_model", "pk": 26, "fields": {"user": 16, "product": 7, "date": "2024-11-14T05:47:18.635Z"}}, {"model": "core.wishlist_model", "pk": 27, "fields": {"user": 16, "product": 6, "date": "2024-11-14T05:47:20.053Z"}}, {"model": "core.address", "pk": 1, "fields": {"user": 1, "mobile": "0703551728", "address": "180-30600, KAPENGURIA, 180, Kenya", "status": false}}, {"model": "core.address", "pk": 2, "fields": {"user": 2, "mobile": "0703551728", "address": "180-30600", "status": false}}, {"model": "core.address", "pk": 3, "fields": {"user": 3, "mobile": "0700875933", "address": "180-30600, KAPENGURIA, 180, Kenya", "status": false}}, {"model": "core.address", "pk": 4, "fields": {"user": 1, "mobile": "0752558686", "address": "180-30600", "status": false}}, {"model": "core.address", "pk": 5, "fields": {"user": 1, "mobile": "073845783774", "address": "0100 Nairobi", "status": false}}, {"model": "core.address", "pk": 6, "fields": {"user": 14, "mobile": "0700875933", "address": "180-30600", "status": false}}, {"model": "core.address", "pk": 7, "fields": {"user": 15, "mobile": "0723949344", "address": "180-30600", "status": false}}, {"model": "core.address", "pk": 8, "fields": {"user": 16, "mobile": "0786427003", "address": "0100 Nairobi", "status": false}}, {"model": "core.address", "pk": 9, "fields": {"user": 17, "mobile": "0700875933", "address": "180-30600, KAPENGURIA, 180, Kenya", "status": true}}, {"model": "core.coupon", "pk": 1, "fields": {"code": "CODE1", "discount": 10, "active": true}}, {"model": "userauths.user", "pk": 1, "fields": {"password": "pbkdf2_sha256$870000$0PCwtYGaGBSv3zZyqQwqqZ$D2ba+JPSPD1m3eEI/KqEwbqHPs8K4ADKuKuP6xZJaAg=", "last_login": "2024-11-17T10:51:18.633Z", "is_superuser": true, "first_name": "", "last_name": "", "is_staff": true, "is_active": true, "date_joined": "2024-11-09T13:18:45.739Z", "email": "kiptummeri@gmail.com", "username": "emmanuel", "bio": "", "groups": [], "user_permissions": []}}, {"model": "userauths.user", "pk": 2, "fields": {"password": "pbkdf2_sha256$870000$nVuQWtXNzRD8BrwSBx9Gsy$sLkFyDl3R1tzHv4qOKzrhrQ8eyD0JeZDC7KiaJrx+Bw=", "last_login": "2024-11-09T13:20:32.233Z", "is_superuser": false, "first_name": "", "last_name": "", "is_staff": false, "is_active": true, "date_joined": "2024-11-09T13:20:28.840Z", "email": "talene@gmail.com", "username": "talene", "bio": "", "groups": [], "user_permissions": []}}, {"model": "userauths.user", "pk": 3, "fields": {"password": "pbkdf2_sha256$870000$2VSeWGG06HWfMQrBEYRaIO$AXcacU5NpzTOdeZ+okMWR3T+0wOJqdRPGAuQMDyJMcQ=", "last_login": "2024-11-09T13:21:42.911Z", "is_superuser": false, "first_name": "", "last_name": "", "is_staff": false, "is_active": true, "date_joined": "2024-11-09T13:21:39.502Z", "email": "dhillon@gmail.com", "username": "dhillon", "bio": "", "groups": [], "user_permissions": []}}, {"model": "userauths.user", "pk": 4, "fields": {"password": "pbkdf2_sha256$870000$dgOY7YIBOLv2VsiSNhYFGR$+jAR73LNYvPp1ZVJuN4whqL5a3CGMYVXpsGxtuaZziQ=", "last_login": "2024-11-09T17:54:40.251Z", "is_superuser": false, "first_name": "", "last_name": "", "is_staff": false, "is_active": true, "date_joined": "2024-11-09T17:53:58.362Z", "email": "sheila@gmail.com", "username": "sheila", "bio": "", "groups": [], "user_permissions": []}}, {"model": "userauths.user", "pk": 5, "fields": {"password": "pbkdf2_sha256$870000$UiS8ld2Wx3wCIlhdHoJabF$DdJDPVXUpAWUb0H58EUok0ULNuFdJyyvudcm+XvfaG4=", "last_login": "2024-11-10T18:49:22.488Z", "is_superuser": false, "first_name": "", "last_name": "", "is_staff": false, "is_active": true, "date_joined": "2024-11-09T17:38:32.809Z", "email": "mercy@gmail.com", "username": "mercy", "bio": "", "groups": [], "user_permissions": []}}, {"model": "userauths.user", "pk": 7, "fields": {"password": "pbkdf2_sha256$870000$WUIHRDaCpDDrfv8tvNoYSC$MGiqRxUh3Vy1dwJHCA6XQDbA4zRe7eGohcXWufVcNPQ=", "last_login": "2024-11-10T18:44:06.139Z", "is_superuser": false, "first_name": "", "last_name": "", "is_staff": false, "is_active": true, "date_joined": "2024-11-10T18:44:02.853Z", "email": "nevilla@mail.com", "username": "nevilla", "bio": "", "groups": [], "user_permissions": []}}, {"model": "userauths.user", "pk": 9, "fields": {"password": "pbkdf2_sha256$870000$i24qnlYCfFayINg9buNX5S$guQYv3PbE32RnWu37IEwUEH0IA5YrfnQtXrPPkdTIJc=", "last_login": "2024-11-11T13:40:58.636Z", "is_superuser": false, "first_name": "", "last_name": "", "is_staff": false, "is_active": true, "date_joined": "2024-11-10T20:26:10.001Z", "email": "chemuryo@gmail.com", "username": "chemuryo", "bio": "", "groups": [], "user_permissions": []}}, {"model": "userauths.user", "pk": 10, "fields": {"password": "pbkdf2_sha256$870000$zOQHOTUJjddGRo9VeFShBO$eOgNd1/IIfE4EvUI7g0+MU7lMzVR0XlmhsR3bPh8kc4=", "last_login": "2024-11-11T14:27:19.583Z", "is_superuser": false, "first_name": "", "last_name": "", "is_staff": false, "is_active": true, "date_joined": "2024-11-11T14:25:53.236Z", "email": "bismarck@gmail.com", "username": "bismarck", "bio": "", "groups": [], "user_permissions": []}}, {"model": "userauths.user", "pk": 11, "fields": {"password": "pbkdf2_sha256$870000$iX7BjJioVIqlo3iYy0atgu$T0uYFVST0JWGazuT4ovVZqvhrYimVRSDM6JKbUeezJA=", "last_login": "2024-11-11T11:10:18.164Z", "is_superuser": false, "first_name": "", "last_name": "", "is_staff": false, "is_active": true, "date_joined": "2024-11-11T11:10:15.136Z", "email": "dennis@gmail.com", "username": "dennis", "bio": "", "groups": [], "user_permissions": []}}, {"model": "userauths.user", "pk": 12, "fields": {"password": "pbkdf2_sha256$870000$xhSDvUkS5zZyo0BJMZwzi7$oZZ2kr3+jDm1bNgj+tlVzudh0zO1j3qjAhA9Lwsg6NA=", "last_login": "2024-11-11T11:14:56.216Z", "is_superuser": false, "first_name": "", "last_name": "", "is_staff": false, "is_active": true, "date_joined": "2024-11-11T11:14:53.152Z", "email": "frank@gmail.com", "username": "frank", "bio": "", "groups": [], "user_permissions": []}}, {"model": "userauths.user", "pk": 13, "fields": {"password": "pbkdf2_sha256$870000$TOydf44XWdpXqYukXSPQUS$pJ/nKsZ4fkwp21alGlUuvr6Ni0Xj/oNa7l5GVg9m7Do=", "last_login": "2024-11-12T05:53:44.083Z", "is_superuser": false, "first_name": "", "last_name": "", "is_staff": false, "is_active": true, "date_joined": "2024-11-12T05:53:42.091Z", "email": "tyliashazz@gmail.com", "username": "tyliashazz", "bio": "", "groups": [], "user_permissions": []}}, {"model": "userauths.user", "pk": 14, "fields": {"password": "pbkdf2_sha256$600000$NtvXfi4EYV8Im7L5IoMDvl$y5pfZm3tRfuma5r5VYma8oIE72hlzsxjKOt+Q+Pr+z4=", "last_login": "2024-11-14T06:27:36.112Z", "is_superuser": false, "first_name": "", "last_name": "", "is_staff": false, "is_active": true, "date_joined": "2024-11-14T05:56:57.931Z", "email": "mutembei@gmail.com", "username": "mutembei", "bio": "", "groups": [], "user_permissions": []}}, {"model": "userauths.user", "pk": 15, "fields": {"password": "pbkdf2_sha256$600000$IRNip37e6QXKufIZxAtvE2$Z2fVgvHYVVNKSuPDVrbRZp8NF3+2eIGUnVsMsk9H5e0=", "last_login": "2024-11-14T05:58:55.499Z", "is_superuser": false, "first_name": "", "last_name": "", "is_staff": false, "is_active": true, "date_joined": "2024-11-14T05:58:54.229Z", "email": "ivan@gmail.com", "username": "ivan", "bio": "", "groups": [], "user_permissions": []}}, {"model": "userauths.user", "pk": 16, "fields": {"password": "pbkdf2_sha256$600000$UltOuh6QEGQZ0N7JxyIiQK$Fp9ufAB1SJ3kK550xrMclYTXNjpZPSgyU7nceEhg7+s=", "last_login": "2024-11-14T05:47:05.680Z", "is_superuser": false, "first_name": "", "last_name": "", "is_staff": false, "is_active": true, "date_joined": "2024-11-14T05:47:03.226Z", "email": "mwimali@gmail.com", "username": "mwimali kibet", "bio": "", "groups": [], "user_permissions": []}}, {"model": "userauths.user", "pk": 17, "fields": {"password": "pbkdf2_sha256$870000$jI2bXz3NlyLfdk0Twrauxs$4tCfgKup3In7jKLs1gbZmHfTh2FDgYfwb8C2eAXQq/g=", "last_login": "2024-11-15T08:59:12.534Z", "is_superuser": false, "first_name": "", "last_name": "", "is_staff": false, "is_active": true, "date_joined": "2024-11-15T08:55:20.140Z", "email": "divina@gmail.com", "username": "Divina Chesista", "bio": "", "groups": [], "user_permissions": []}}, {"model": "userauths.user", "pk": 18, "fields": {"password": "pbkdf2_sha256$870000$xR8MEmbU5W4dNwN4Vznr9k$f0BSrJmPgfXgieqgzSSZmFqw5K4xTZxvFszf8SY7e8Q=", "last_login": "2024-11-15T09:32:44.788Z", "is_superuser": false, "first_name": "", "last_name": "", "is_staff": false, "is_active": true, "date_joined": "2024-11-15T09:31:59.668Z", "email": "stanley@gmail.com", "username": "stanley kibor", "bio": "", "groups": [], "user_permissions": []}}, {"model": "userauths.profile", "pk": 1, "fields": {"user": 1, "image": "image/_DSC7111170.jpg", "full_name": "Emmanuel kiptum", "bio": "I'm a motivated full stack developer", "phone": "0703551728", "address": null, "country": null, "verified": false}}, {"model": "userauths.profile", "pk": 2, "fields": {"user": 16, "image": "image/product-6-1.jpg", "full_name": "mwimali kibet", "bio": "sleep is for the weak", "phone": "+254703551728", "address": null, "country": null, "verified": false}}, {"model": "userauths.profile", "pk": 3, "fields": {"user": 17, "image": "", "full_name": null, "bio": null, "phone": null, "address": null, "country": null, "verified": false}}, {"model": "userauths.profile", "pk": 4, "fields": {"user": 18, "image": "", "full_name": null, "bio": null, "phone": null, "address": null, "country": null, "verified": false}}, {"model": "userauths.contactus", "pk": 1, "fields": {"full_name": "Emmanuel kiptum", "email": "manukipz024@gmail.com", "phone": "0703551728", "subject": "JOB OFFER", "message": "sasa"}}, {"model": "userauths.contactus", "pk": 2, "fields": {"full_name": "Emmanuel kiptum", "email": "manukipz024@gmail.com", "phone": "0703551728", "subject": "JOB OFFERING", "message": "cool"}}, {"model": "userauths.contactus", "pk": 3, "fields": {"full_name": "Bismarck Kamzee", "email": "kiptummeri@gmail.com", "phone": "0700875933", "subject": "EXCELLENCE", "message": "perfecto"}}]
